Distance,RSSI,SNR,Path_Loss,Temp,Humidity,Wind,Tx_Power,SF,BW,CR
0.0,-62,6.0,-0.5999999999999996,1.2566360000000003,2.513271999999999,7.2,14,0.0,125,4/5
0.0,-62,5.0,-0.5999999999999996,1.2566360000000003,2.513271999999999,7.2,14,0.0,125,4/5
0.0,-62,6.0,-0.5999999999999996,1.2566360000000003,2.513271999999999,7.2,14,0.0,125,4/5
0.0,-61,6.0,-0.6235294117647057,1.2566360000000003,2.513271999999999,7.2,14,0.0,125,4/5
0.08055358974358974,-74,6.0,-0.31764705882352917,0.9424770000000002,2.6389356,7.4,14,0.0,125,4/5
0.08055358974358974,-77,7.0,-0.24705882352941133,0.9424770000000002,2.6389356,7.4,14,0.0,125,4/5
0.08055358974358974,-79,6.0,-0.19999999999999973,0.9424770000000002,2.6389356,7.4,14,0.0,125,4/5
0.08055358974358974,-77,6.0,-0.24705882352941133,0.9424770000000002,2.6389356,7.4,14,0.0,125,4/5
0.08055358974358974,-76,6.0,-0.2705882352941176,0.9424770000000002,2.6389356,7.4,14,0.0,125,4/5
0.08055358974358974,-76,6.0,-0.2705882352941176,0.9424770000000002,2.6389356,7.4,14,0.0,125,4/5
0.16110717948717948,-87,7.0,-0.0117647058823529,0.9424770000000002,2.6389356,7.4,14,0.0,125,4/5
0.16110717948717948,-79,7.0,-0.19999999999999973,0.9424770000000002,2.6389356,7.4,14,0.0,125,4/5
0.16110717948717948,-83,7.0,-0.1058823529411761,0.9424770000000002,2.6389356,7.4,14,0.0,125,4/5
0.16110717948717948,-86,7.0,-0.0352941176470587,0.9424770000000002,2.6389356,7.4,14,0.0,125,4/5
0.16110717948717948,-99,6.0,0.270588235294118,0.9424770000000002,2.6389356,7.4,14,0.0,125,4/5
0.24166076923076923,-93,7.0,0.12941176470588278,0.9424770000000002,2.6389356,7.4,14,0.0,125,4/5
0.24166076923076923,-94,7.0,0.15294117647058858,0.9424770000000002,2.6389356,7.4,14,0.0,125,4/5
0.24166076923076923,-91,7.0,0.08235294117647074,0.9424770000000002,2.6389356,7.4,14,0.0,125,4/5
0.24166076923076923,-90,7.0,0.05882352941176494,0.9424770000000002,2.6389356,7.4,14,0.0,125,4/5
0.24166076923076923,-91,7.0,0.08235294117647074,0.9424770000000002,2.6389356,7.4,14,0.0,125,4/5
0.24166076923076923,-91,6.0,0.08235294117647074,0.9424770000000002,2.6389356,7.4,14,0.0,125,4/5
0.32221435897435896,-98,6.0,0.24705882352941178,0.9424770000000002,2.6389356,7.4,14,0.0,125,4/5
0.32221435897435896,-102,6.0,0.3411764705882354,0.9424770000000002,2.6389356,7.4,14,0.0,125,4/5
0.32221435897435896,-102,6.0,0.3411764705882354,0.9424770000000002,2.6389356,7.4,14,0.0,125,4/5
0.32221435897435896,-95,7.0,0.17647058823529438,0.9424770000000002,2.6389356,7.4,14,0.0,125,4/5
0.32221435897435896,-97,7.0,0.22352941176470598,0.9424770000000002,2.6389356,7.4,14,0.0,125,4/5
0.4027679487179487,-107,3.0,0.45882352941176485,0.9424770000000002,2.6389356,7.4,14,0.0,125,4/5
0.4027679487179487,-105,5.0,0.41176470588235325,0.9424770000000002,2.6389356,7.4,14,0.0,125,4/5
0.4027679487179487,-108,4.0,0.48235294117647065,0.9424770000000002,2.6389356,7.4,14,0.0,125,4/5
0.4027679487179487,-107,5.0,0.45882352941176485,0.9424770000000002,2.6389356,7.4,14,0.0,125,4/5
0.48332153846153847,-103,6.0,0.3647058823529412,0.9424770000000002,2.6389356,7.4,14,0.0,125,4/5
0.48332153846153847,-104,5.0,0.38823529411764746,0.9424770000000002,2.6389356,7.4,14,0.0,125,4/5
0.48332153846153847,-102,6.0,0.3411764705882354,0.9424770000000002,2.6389356,7.4,14,0.0,125,4/5
0.48332153846153847,-102,6.0,0.3411764705882354,0.9424770000000002,2.6389356,7.4,14,0.0,125,4/5
0.48332153846153847,-102,6.0,0.3411764705882354,0.9424770000000002,2.6389356,7.4,14,0.0,125,4/5
0.5638751282051282,-101,6.0,0.3176470588235296,0.9424770000000002,2.6389356,7.4,14,0.0,125,4/5
0.5638751282051282,-102,6.0,0.3411764705882354,0.9424770000000002,2.6389356,7.4,14,0.0,125,4/5
0.5638751282051282,-105,5.0,0.41176470588235325,0.9424770000000002,2.6389356,7.4,14,0.0,125,4/5
0.5638751282051282,-108,4.0,0.48235294117647065,0.9424770000000002,2.6389356,7.4,14,0.0,125,4/5
0.5638751282051282,-108,4.0,0.48235294117647065,0.9424770000000002,2.6389356,7.4,14,0.0,125,4/5
0.6444287179487179,-108,4.0,0.48235294117647065,0.9424770000000002,2.6389356,7.4,14,0.0,125,4/5
0.6444287179487179,-108,4.0,0.48235294117647065,0.9424770000000002,2.6389356,7.4,14,0.0,125,4/5
0.6444287179487179,-110,3.0,0.5294117647058827,0.9424770000000002,2.6389356,7.4,14,0.0,125,4/5
0.6444287179487179,-109,3.0,0.5058823529411769,0.9424770000000002,2.6389356,7.4,14,0.0,125,4/5
0.6444287179487179,-109,3.0,0.5058823529411769,0.9424770000000002,2.6389356,7.4,14,0.0,125,4/5
0.7249823076923076,-107,5.0,0.45882352941176485,0.733037666666668,2.7645991999999993,7.8,14,0.0,125,4/5
0.7249823076923076,-112,0.0,0.5764705882352943,0.733037666666668,2.7645991999999993,7.8,14,0.0,125,4/5
0.7249823076923076,-110,3.0,0.5294117647058827,0.733037666666668,2.7645991999999993,7.8,14,0.0,125,4/5
0.7249823076923076,-112,1.0,0.5764705882352943,0.733037666666668,2.7645991999999993,7.8,14,0.0,125,4/5
0.7249823076923076,-110,3.0,0.5294117647058827,0.733037666666668,2.7645991999999993,7.8,14,0.0,125,4/5
0.8055358974358974,-109,4.0,0.5058823529411769,0.733037666666668,2.7645991999999993,7.8,14,0.0,125,4/5
0.8055358974358974,-107,5.0,0.45882352941176485,0.733037666666668,2.7645991999999993,7.8,14,0.0,125,4/5
0.8055358974358974,-107,5.0,0.45882352941176485,0.733037666666668,2.7645991999999993,7.8,14,0.0,125,4/5
0.8055358974358974,-105,5.0,0.41176470588235325,0.733037666666668,2.7645991999999993,7.8,14,0.0,125,4/5
0.8055358974358974,-105,5.0,0.41176470588235325,0.733037666666668,2.7645991999999993,7.8,14,0.0,125,4/5
0.8860894871794872,-115,-1.0,0.6470588235294121,0.733037666666668,2.7645991999999993,7.8,14,0.0,125,4/5
0.8860894871794872,-120,-5.0,0.7647058823529416,0.733037666666668,2.7645991999999993,7.8,14,0.0,125,4/5
0.8860894871794872,-116,-2.0,0.6705882352941179,0.733037666666668,2.7645991999999993,7.8,14,0.0,125,4/5
0.8860894871794872,-120,-5.0,0.7647058823529416,0.733037666666668,2.7645991999999993,7.8,14,0.0,125,4/5
0.8860894871794872,-112,1.0,0.5764705882352943,0.733037666666668,2.7645991999999993,7.8,14,0.0,125,4/5
0.9666430769230769,-125,-9.0,0.882352941176471,0.733037666666668,2.7645991999999993,7.8,14,0.0,125,4/5
0.9666430769230769,-111,1.0,0.5529411764705885,0.733037666666668,2.7645991999999993,7.8,14,0.0,125,4/5
0.9666430769230769,-111,2.0,0.5529411764705885,0.733037666666668,2.7645991999999993,7.8,14,0.0,125,4/5
0.9666430769230769,-111,2.0,0.5529411764705885,0.733037666666668,2.7645991999999993,7.8,14,0.0,125,4/5
0.9666430769230769,-110,3.0,0.5294117647058827,0.733037666666668,2.7645991999999993,7.8,14,0.0,125,4/5
1.0471966666666666,-114,-1.0,0.6235294117647063,0.733037666666668,2.7645991999999993,7.8,14,0.0,125,4/5
1.0471966666666666,-117,-2.0,0.6941176470588237,0.733037666666668,2.7645991999999993,7.8,14,0.0,125,4/5
1.0471966666666666,-113,0.0,0.6000000000000001,0.733037666666668,2.7645991999999993,7.8,14,0.0,125,4/5
1.0471966666666666,-113,0.0,0.6000000000000001,0.733037666666668,2.7645991999999993,7.8,14,0.0,125,4/5
1.0471966666666666,-115,-1.0,0.6470588235294121,0.733037666666668,2.7645991999999993,7.8,14,0.0,125,4/5
1.1277502564102564,-109,3.0,0.5058823529411769,0.733037666666668,2.7645991999999993,7.8,14,0.0,125,4/5
1.1277502564102564,-112,1.0,0.5764705882352943,0.733037666666668,2.7645991999999993,7.8,14,0.0,125,4/5
1.1277502564102564,-112,1.0,0.5764705882352943,0.733037666666668,2.7645991999999993,7.8,14,0.0,125,4/5
1.1277502564102564,-113,0.0,0.6000000000000001,0.733037666666668,2.7645991999999993,7.8,14,0.0,125,4/5
1.1277502564102564,-113,0.0,0.6000000000000001,0.733037666666668,2.7645991999999993,7.8,14,0.0,125,4/5
1.2083038461538462,-121,-6.0,0.7882352941176474,0.733037666666668,2.7645991999999993,7.8,14,0.0,125,4/5
1.2083038461538462,-116,-2.0,0.6705882352941179,0.733037666666668,2.7645991999999993,7.8,14,0.0,125,4/5
1.2083038461538462,-115,-1.0,0.6470588235294121,0.733037666666668,2.7645991999999993,7.8,14,0.0,125,4/5
1.2083038461538462,-113,0.0,0.6000000000000001,0.733037666666668,2.7645991999999993,7.8,14,0.0,125,4/5
1.2083038461538462,-114,0.0,0.6235294117647063,0.733037666666668,2.7645991999999993,7.8,14,0.0,125,4/5
1.2888574358974358,-113,0.0,0.6000000000000001,0.733037666666668,2.7645991999999993,7.8,14,0.0,125,4/5
1.2888574358974358,-120,-5.0,0.7647058823529416,0.733037666666668,2.7645991999999993,7.8,14,0.0,125,4/5
1.2888574358974358,-121,-5.0,0.7882352941176474,0.733037666666668,2.7645991999999993,7.8,14,0.0,125,4/5
1.2888574358974358,-124,-8.0,0.8588235294117648,0.733037666666668,2.7645991999999993,7.8,14,0.0,125,4/5
1.2888574358974358,-119,-4.0,0.7411764705882353,0.733037666666668,2.7645991999999993,7.8,14,0.0,125,4/5
1.3694110256410257,-118,-3.0,0.7176470588235295,2.1991130000000005,0.0,10.0,14,0.0,125,4/5
1.3694110256410257,-120,-5.0,0.7647058823529416,2.1991130000000005,0.0,10.0,14,0.0,125,4/5
1.3694110256410257,-119,-4.0,0.7411764705882353,2.1991130000000005,0.0,10.0,14,0.0,125,4/5
1.3694110256410257,-118,-3.0,0.7176470588235295,2.1991130000000005,0.0,10.0,14,0.0,125,4/5
1.3694110256410257,-119,-4.0,0.7411764705882353,2.1991130000000005,0.0,10.0,14,0.0,125,4/5
1.4499646153846153,-113,0.0,0.6000000000000001,2.1991130000000005,0.0,10.0,14,0.0,125,4/5
1.4499646153846153,-127,-11.0,0.9294117647058826,2.1991130000000005,0.0,10.0,14,0.0,125,4/5
1.4499646153846153,-121,-5.0,0.7882352941176474,2.1991130000000005,0.0,10.0,14,0.0,125,4/5
1.4499646153846153,-122,-6.0,0.8117647058823532,2.1991130000000005,0.0,10.0,14,0.0,125,4/5
1.4499646153846153,-122,-6.0,0.8117647058823532,2.1991130000000005,0.0,10.0,14,0.0,125,4/5
1.5305182051282051,-116,-2.0,0.6705882352941179,0.733037666666668,2.7645991999999993,7.8,14,0.0,125,4/5
1.5305182051282051,-123,-7.0,0.835294117647059,0.733037666666668,2.7645991999999993,7.8,14,0.0,125,4/5
1.5305182051282051,-121,-6.0,0.7882352941176474,0.733037666666668,2.7645991999999993,7.8,14,0.0,125,4/5
1.5305182051282051,-122,-7.0,0.8117647058823532,0.733037666666668,2.7645991999999993,7.8,14,0.0,125,4/5
1.5305182051282051,-126,-10.0,0.9058823529411768,0.733037666666668,2.7645991999999993,7.8,14,0.0,125,4/5
1.6110717948717947,-123,-7.0,0.835294117647059,0.733037666666668,2.7645991999999993,7.8,14,0.0,125,4/5
1.6110717948717947,-117,-3.0,0.6941176470588237,0.733037666666668,2.7645991999999993,7.8,14,0.0,125,4/5
1.6110717948717947,-119,-4.0,0.7411764705882353,0.733037666666668,2.7645991999999993,7.8,14,0.0,125,4/5
1.6110717948717947,-122,-6.0,0.8117647058823532,0.733037666666668,2.7645991999999993,7.8,14,0.0,125,4/5
1.6110717948717947,-121,-6.0,0.7882352941176474,0.733037666666668,2.7645991999999993,7.8,14,0.0,125,4/5
1.6916253846153846,-122,-6.0,0.8117647058823532,0.3141590000000001,2.8902628000000004,8.2,14,0.0,125,4/5
1.6916253846153846,-119,-4.0,0.7411764705882353,0.3141590000000001,2.8902628000000004,8.2,14,0.0,125,4/5
1.6916253846153846,-120,-5.0,0.7647058823529416,0.3141590000000001,2.8902628000000004,8.2,14,0.0,125,4/5
1.6916253846153846,-117,-2.0,0.6941176470588237,0.3141590000000001,2.8902628000000004,8.2,14,0.0,125,4/5
1.6916253846153846,-118,-3.0,0.7176470588235295,0.3141590000000001,2.8902628000000004,8.2,14,0.0,125,4/5
1.7721789743589744,-119,-4.0,0.7411764705882353,0.3141590000000001,2.8902628000000004,8.2,14,0.0,125,4/5
1.7721789743589744,-119,-5.0,0.7411764705882353,0.3141590000000001,2.8902628000000004,8.2,14,0.0,125,4/5
1.7721789743589744,-120,-5.0,0.7647058823529416,0.3141590000000001,2.8902628000000004,8.2,14,0.0,125,4/5
1.7721789743589744,-117,-3.0,0.6941176470588237,0.3141590000000001,2.8902628000000004,8.2,14,0.0,125,4/5
1.7721789743589744,-118,-3.0,0.7176470588235295,0.3141590000000001,2.8902628000000004,8.2,14,0.0,125,4/5
1.852732564102564,-124,-9.0,0.8588235294117648,0.3141590000000001,2.8902628000000004,8.2,14,0.0,125,4/5
1.852732564102564,-125,-8.0,0.882352941176471,0.3141590000000001,2.8902628000000004,8.2,14,0.0,125,4/5
1.852732564102564,-125,-9.0,0.882352941176471,0.3141590000000001,2.8902628000000004,8.2,14,0.0,125,4/5
1.852732564102564,-123,-7.0,0.835294117647059,0.3141590000000001,2.8902628000000004,8.2,14,0.0,125,4/5
1.852732564102564,-124,-8.0,0.8588235294117648,0.3141590000000001,2.8902628000000004,8.2,14,0.0,125,4/5
1.9332861538461539,-122,-6.0,0.8117647058823532,0.3141590000000001,2.8902628000000004,8.2,14,0.0,125,4/5
1.9332861538461539,-122,-6.0,0.8117647058823532,0.3141590000000001,2.8902628000000004,8.2,14,0.0,125,4/5
1.9332861538461539,-118,-3.0,0.7176470588235295,0.3141590000000001,2.8902628000000004,8.2,14,0.0,125,4/5
1.9332861538461539,-119,-4.0,0.7411764705882353,0.3141590000000001,2.8902628000000004,8.2,14,0.0,125,4/5
1.9332861538461539,-117,-3.0,0.6941176470588237,0.3141590000000001,2.8902628000000004,8.2,14,0.0,125,4/5
1.9332861538461539,-119,-4.0,0.7411764705882353,0.3141590000000001,2.8902628000000004,8.2,14,0.0,125,4/5
2.0138397435897435,-115,-2.0,0.6470588235294121,0.3141590000000001,2.8902628000000004,8.2,14,0.0,125,4/5
2.0138397435897435,-116,-2.0,0.6705882352941179,0.3141590000000001,2.8902628000000004,8.2,14,0.0,125,4/5
2.0138397435897435,-119,-4.0,0.7411764705882353,0.3141590000000001,2.8902628000000004,8.2,14,0.0,125,4/5
2.0138397435897435,-118,-3.0,0.7176470588235295,0.3141590000000001,2.8902628000000004,8.2,14,0.0,125,4/5
2.0138397435897435,-116,-2.0,0.6705882352941179,0.3141590000000001,2.8902628000000004,8.2,14,0.0,125,4/5
2.094393333333333,-121,-6.0,0.7882352941176474,0.3141590000000001,2.8902628000000004,8.2,14,0.0,125,4/5
2.094393333333333,-119,-4.0,0.7411764705882353,0.3141590000000001,2.8902628000000004,8.2,14,0.0,125,4/5
2.094393333333333,-119,-4.0,0.7411764705882353,0.3141590000000001,2.8902628000000004,8.2,14,0.0,125,4/5
2.094393333333333,-123,-8.0,0.835294117647059,0.3141590000000001,2.8902628000000004,8.2,14,0.0,125,4/5
2.094393333333333,-121,-5.0,0.7882352941176474,0.3141590000000001,2.8902628000000004,8.2,14,0.0,125,4/5
2.174946923076923,-124,-8.0,0.8588235294117648,0.3141590000000001,2.8902628000000004,8.2,14,0.0,125,4/5
2.174946923076923,-123,-8.0,0.835294117647059,0.3141590000000001,2.8902628000000004,8.2,14,0.0,125,4/5
2.174946923076923,-122,-7.0,0.8117647058823532,0.3141590000000001,2.8902628000000004,8.2,14,0.0,125,4/5
2.174946923076923,-124,-8.0,0.8588235294117648,0.3141590000000001,2.8902628000000004,8.2,14,0.0,125,4/5
2.174946923076923,-125,-9.0,0.882352941176471,0.3141590000000001,2.8902628000000004,8.2,14,0.0,125,4/5
2.255500512820513,-123,-7.0,0.835294117647059,0.3141590000000001,2.8902628000000004,8.2,14,0.0,125,4/5
2.255500512820513,-120,-5.0,0.7647058823529416,0.3141590000000001,2.8902628000000004,8.2,14,0.0,125,4/5
2.255500512820513,-121,-6.0,0.7882352941176474,0.3141590000000001,2.8902628000000004,8.2,14,0.0,125,4/5
2.255500512820513,-121,-6.0,0.7882352941176474,0.3141590000000001,2.8902628000000004,8.2,14,0.0,125,4/5
2.255500512820513,-121,-5.0,0.7882352941176474,0.3141590000000001,2.8902628000000004,8.2,14,0.0,125,4/5
2.3360541025641024,-122,-6.0,0.8117647058823532,0.3141590000000001,2.8902628000000004,8.2,14,0.0,125,4/5
2.3360541025641024,-122,-7.0,0.8117647058823532,0.3141590000000001,2.8902628000000004,8.2,14,0.0,125,4/5
2.3360541025641024,-123,-7.0,0.835294117647059,0.3141590000000001,2.8902628000000004,8.2,14,0.0,125,4/5
2.3360541025641024,-123,-8.0,0.835294117647059,0.3141590000000001,2.8902628000000004,8.2,14,0.0,125,4/5
2.3360541025641024,-122,-8.0,0.8117647058823532,0.3141590000000001,2.8902628000000004,8.2,14,0.0,125,4/5
2.4166076923076925,-124,-8.0,0.8588235294117648,0.0,3.141589999999999,8.7,14,0.0,125,4/5
2.4166076923076925,-124,-8.0,0.8588235294117648,0.0,3.141589999999999,8.7,14,0.0,125,4/5
2.4166076923076925,-126,-10.0,0.9058823529411768,0.0,3.141589999999999,8.7,14,0.0,125,4/5
2.4166076923076925,-123,-7.0,0.835294117647059,0.0,3.141589999999999,8.7,14,0.0,125,4/5
2.4166076923076925,-124,-8.0,0.8588235294117648,0.0,3.141589999999999,8.7,14,0.0,125,4/5
2.4166076923076925,-123,-7.0,0.835294117647059,0.0,3.141589999999999,8.7,14,0.0,125,4/5
2.497161282051282,-124,-8.0,0.8588235294117648,0.0,3.141589999999999,8.7,14,0.0,125,4/5
2.497161282051282,-125,-9.0,0.882352941176471,0.0,3.141589999999999,8.7,14,0.0,125,4/5
2.497161282051282,-126,-10.0,0.9058823529411768,0.0,3.141589999999999,8.7,14,0.0,125,4/5
2.497161282051282,-125,-10.0,0.882352941176471,0.0,3.141589999999999,8.7,14,0.0,125,4/5
2.497161282051282,-126,-10.0,0.9058823529411768,0.0,3.141589999999999,8.7,14,0.0,125,4/5
2.5777148717948717,-123,-7.0,0.835294117647059,0.0,3.141589999999999,8.7,14,0.0,125,4/5
2.5777148717948717,-126,-10.0,0.9058823529411768,0.0,3.141589999999999,8.7,14,0.0,125,4/5
2.5777148717948717,-127,-11.0,0.9294117647058826,0.0,3.141589999999999,8.7,14,0.0,125,4/5
2.5777148717948717,-127,-11.0,0.9294117647058826,0.0,3.141589999999999,8.7,14,0.0,125,4/5
2.5777148717948717,-126,-10.0,0.9058823529411768,0.0,3.141589999999999,8.7,14,0.0,125,4/5
2.6582684615384613,-127,-11.0,0.9294117647058826,0.0,3.141589999999999,8.7,14,0.0,125,4/5
0.0,-56,7.0,-0.7411764705882351,2.4085523333333327,1.0053088,10.5,14,0.7853975000000002,125,4/5
0.0,-54,6.0,-0.7882352941176469,2.4085523333333327,1.0053088,10.5,14,0.7853975000000002,125,4/5
0.0,-54,6.0,-0.7882352941176469,2.4085523333333327,1.0053088,10.5,14,0.7853975000000002,125,4/5
0.0,-56,6.0,-0.7411764705882351,2.4085523333333327,1.0053088,10.5,14,0.7853975000000002,125,4/5
0.0,-56,6.0,-0.7411764705882351,2.4085523333333327,1.0053088,10.5,14,0.7853975000000002,125,4/5
0.0,-56,6.0,-0.7411764705882351,2.4085523333333327,1.0053088,10.5,14,0.7853975000000002,125,4/5
0.08055358974358974,-77,7.0,-0.24705882352941133,1.8849540000000005,1.3822995999999996,9.8,14,0.7853975000000002,125,4/5
0.08055358974358974,-79,6.0,-0.19999999999999973,1.8849540000000005,1.3822995999999996,9.8,14,0.7853975000000002,125,4/5
0.08055358974358974,-76,6.0,-0.2705882352941176,1.8849540000000005,1.3822995999999996,9.8,14,0.7853975000000002,125,4/5
0.08055358974358974,-76,6.0,-0.2705882352941176,1.8849540000000005,1.3822995999999996,9.8,14,0.7853975000000002,125,4/5
0.08055358974358974,-76,6.0,-0.2705882352941176,1.8849540000000005,1.3822995999999996,9.8,14,0.7853975000000002,125,4/5
0.08055358974358974,-76,6.0,-0.2705882352941176,1.8849540000000005,1.3822995999999996,9.8,14,0.7853975000000002,125,4/5
0.16755146666666668,-87,6.0,-0.0117647058823529,1.8849540000000005,1.3822995999999996,9.8,14,0.7853975000000002,125,4/5
0.16755146666666668,-91,7.0,0.08235294117647074,1.8849540000000005,1.3822995999999996,9.8,14,0.7853975000000002,125,4/5
0.16755146666666668,-90,7.0,0.05882352941176494,1.8849540000000005,1.3822995999999996,9.8,14,0.7853975000000002,125,4/5
0.16755146666666668,-85,7.0,-0.0588235294117645,1.8849540000000005,1.3822995999999996,9.8,14,0.7853975000000002,125,4/5
0.16755146666666668,-90,6.0,0.05882352941176494,1.8849540000000005,1.3822995999999996,9.8,14,0.7853975000000002,125,4/5
0.16755146666666668,-84,6.0,-0.0823529411764703,1.8849540000000005,1.3822995999999996,9.8,14,0.7853975000000002,125,4/5
0.24166076923076923,-85,7.0,-0.0588235294117645,1.8849540000000005,1.3822995999999996,9.8,14,0.7853975000000002,125,4/5
0.24166076923076923,-87,7.0,-0.0117647058823529,1.8849540000000005,1.3822995999999996,9.8,14,0.7853975000000002,125,4/5
0.24166076923076923,-85,7.0,-0.0588235294117645,1.8849540000000005,1.3822995999999996,9.8,14,0.7853975000000002,125,4/5
0.24166076923076923,-85,7.0,-0.0588235294117645,1.8849540000000005,1.3822995999999996,9.8,14,0.7853975000000002,125,4/5
0.24166076923076923,-91,7.0,0.08235294117647074,1.8849540000000005,1.3822995999999996,9.8,14,0.7853975000000002,125,4/5
0.32221435897435896,-88,6.0,0.011764705882353343,1.8849540000000005,1.3822995999999996,9.8,14,0.7853975000000002,125,4/5
0.32221435897435896,-84,6.0,-0.0823529411764703,1.8849540000000005,1.3822995999999996,9.8,14,0.7853975000000002,125,4/5
0.32221435897435896,-88,6.0,0.011764705882353343,1.8849540000000005,1.3822995999999996,9.8,14,0.7853975000000002,125,4/5
0.32221435897435896,-91,6.0,0.08235294117647074,1.8849540000000005,1.3822995999999996,9.8,14,0.7853975000000002,125,4/5
0.32221435897435896,-90,6.0,0.05882352941176494,1.8849540000000005,1.3822995999999996,9.8,14,0.7853975000000002,125,4/5
0.32221435897435896,-90,7.0,0.05882352941176494,1.8849540000000005,1.3822995999999996,9.8,14,0.7853975000000002,125,4/5
0.32221435897435896,-90,6.0,0.05882352941176494,1.8849540000000005,1.3822995999999996,9.8,14,0.7853975000000002,125,4/5
0.32221435897435896,-88,6.0,0.011764705882353343,1.8849540000000005,1.3822995999999996,9.8,14,0.7853975000000002,125,4/5
0.4027679487179487,-88,7.0,0.011764705882353343,1.8849540000000005,1.3822995999999996,9.8,14,0.7853975000000002,125,4/5
0.4027679487179487,-94,6.0,0.15294117647058858,1.8849540000000005,1.3822995999999996,9.8,14,0.7853975000000002,125,4/5
0.4027679487179487,-95,6.0,0.17647058823529438,1.8849540000000005,1.3822995999999996,9.8,14,0.7853975000000002,125,4/5
0.4027679487179487,-96,7.0,0.20000000000000018,1.8849540000000005,1.3822995999999996,9.8,14,0.7853975000000002,125,4/5
0.4027679487179487,-95,6.0,0.17647058823529438,1.8849540000000005,1.3822995999999996,9.8,14,0.7853975000000002,125,4/5
0.4027679487179487,-91,6.0,0.08235294117647074,1.8849540000000005,1.3822995999999996,9.8,14,0.7853975000000002,125,4/5
0.48332153846153847,-88,6.0,0.011764705882353343,1.8849540000000005,1.3822995999999996,9.8,14,0.7853975000000002,125,4/5
0.48332153846153847,-88,7.0,0.011764705882353343,1.8849540000000005,1.3822995999999996,9.8,14,0.7853975000000002,125,4/5
0.48332153846153847,-90,7.0,0.05882352941176494,1.8849540000000005,1.3822995999999996,9.8,14,0.7853975000000002,125,4/5
0.48332153846153847,-90,7.0,0.05882352941176494,1.8849540000000005,1.3822995999999996,9.8,14,0.7853975000000002,125,4/5
0.48332153846153847,-90,7.0,0.05882352941176494,1.8849540000000005,1.3822995999999996,9.8,14,0.7853975000000002,125,4/5
0.48332153846153847,-90,7.0,0.05882352941176494,1.8849540000000005,1.3822995999999996,9.8,14,0.7853975000000002,125,4/5
0.5638751282051282,-94,7.0,0.15294117647058858,1.8849540000000005,1.3822995999999996,9.8,14,0.7853975000000002,125,4/5
0.5638751282051282,-93,6.0,0.12941176470588278,1.8849540000000005,1.3822995999999996,9.8,14,0.7853975000000002,125,4/5
0.5638751282051282,-94,6.0,0.15294117647058858,1.8849540000000005,1.3822995999999996,9.8,14,0.7853975000000002,125,4/5
0.5638751282051282,-93,6.0,0.12941176470588278,1.8849540000000005,1.3822995999999996,9.8,14,0.7853975000000002,125,4/5
0.5638751282051282,-93,7.0,0.12941176470588278,1.8849540000000005,1.3822995999999996,9.8,14,0.7853975000000002,125,4/5
0.5638751282051282,-93,7.0,0.12941176470588278,1.8849540000000005,1.3822995999999996,9.8,14,0.7853975000000002,125,4/5
0.5638751282051282,-93,6.0,0.12941176470588278,1.8849540000000005,1.3822995999999996,9.8,14,0.7853975000000002,125,4/5
0.6444287179487179,-96,6.0,0.20000000000000018,1.8849540000000005,1.3822995999999996,9.8,14,0.7853975000000002,125,4/5
0.6444287179487179,-95,6.0,0.17647058823529438,1.8849540000000005,1.3822995999999996,9.8,14,0.7853975000000002,125,4/5
0.6444287179487179,-96,6.0,0.20000000000000018,1.8849540000000005,1.3822995999999996,9.8,14,0.7853975000000002,125,4/5
0.6444287179487179,-95,7.0,0.17647058823529438,1.8849540000000005,1.3822995999999996,9.8,14,0.7853975000000002,125,4/5
0.6444287179487179,-95,6.0,0.17647058823529438,1.8849540000000005,1.3822995999999996,9.8,14,0.7853975000000002,125,4/5
0.6444287179487179,-93,7.0,0.12941176470588278,1.3613556666666646,1.8849539999999996,9.4,14,0.7853975000000002,125,4/5
0.7249823076923076,-95,7.0,0.17647058823529438,1.3613556666666646,1.8849539999999996,9.4,14,0.7853975000000002,125,4/5
0.7249823076923076,-93,6.0,0.12941176470588278,1.3613556666666646,1.8849539999999996,9.4,14,0.7853975000000002,125,4/5
0.7249823076923076,-92,7.0,0.10588235294117654,1.3613556666666646,1.8849539999999996,9.4,14,0.7853975000000002,125,4/5
0.7249823076923076,-94,6.0,0.15294117647058858,1.3613556666666646,1.8849539999999996,9.4,14,0.7853975000000002,125,4/5
0.7249823076923076,-93,7.0,0.12941176470588278,1.3613556666666646,1.8849539999999996,9.4,14,0.7853975000000002,125,4/5
0.8055358974358974,-95,7.0,0.17647058823529438,1.3613556666666646,1.8849539999999996,9.4,14,0.7853975000000002,125,4/5
0.8055358974358974,-97,6.0,0.22352941176470598,1.3613556666666646,1.8849539999999996,9.4,14,0.7853975000000002,125,4/5
0.8055358974358974,-95,7.0,0.17647058823529438,1.3613556666666646,1.8849539999999996,9.4,14,0.7853975000000002,125,4/5
0.8055358974358974,-96,6.0,0.20000000000000018,1.3613556666666646,1.8849539999999996,9.4,14,0.7853975000000002,125,4/5
0.8055358974358974,-96,6.0,0.20000000000000018,1.3613556666666646,1.8849539999999996,9.4,14,0.7853975000000002,125,4/5
0.8860894871794872,-101,6.0,0.3176470588235296,1.3613556666666646,1.8849539999999996,9.4,14,0.7853975000000002,125,4/5
0.8860894871794872,-100,6.0,0.2941176470588238,1.3613556666666646,1.8849539999999996,9.4,14,0.7853975000000002,125,4/5
0.8860894871794872,-100,6.0,0.2941176470588238,1.3613556666666646,1.8849539999999996,9.4,14,0.7853975000000002,125,4/5
0.8860894871794872,-100,6.0,0.2941176470588238,1.3613556666666646,1.8849539999999996,9.4,14,0.7853975000000002,125,4/5
0.8860894871794872,-100,6.0,0.2941176470588238,1.3613556666666646,1.8849539999999996,9.4,14,0.7853975000000002,125,4/5
0.8860894871794872,-102,6.0,0.3411764705882354,1.3613556666666646,1.8849539999999996,9.4,14,0.7853975000000002,125,4/5
0.9666430769230769,-99,6.0,0.270588235294118,1.3613556666666646,1.8849539999999996,9.4,14,0.7853975000000002,125,4/5
0.9666430769230769,-100,6.0,0.2941176470588238,1.3613556666666646,1.8849539999999996,9.4,14,0.7853975000000002,125,4/5
0.9666430769230769,-100,6.0,0.2941176470588238,1.3613556666666646,1.8849539999999996,9.4,14,0.7853975000000002,125,4/5
0.9666430769230769,-100,6.0,0.2941176470588238,1.3613556666666646,1.8849539999999996,9.4,14,0.7853975000000002,125,4/5
0.9666430769230769,-100,6.0,0.2941176470588238,1.3613556666666646,1.8849539999999996,9.4,14,0.7853975000000002,125,4/5
1.0471966666666666,-101,6.0,0.3176470588235296,1.3613556666666646,1.8849539999999996,9.4,14,0.7853975000000002,125,4/5
1.0471966666666666,-101,5.0,0.3176470588235296,1.3613556666666646,1.8849539999999996,9.4,14,0.7853975000000002,125,4/5
1.0471966666666666,-102,6.0,0.3411764705882354,1.3613556666666646,1.8849539999999996,9.4,14,0.7853975000000002,125,4/5
1.0471966666666666,-102,6.0,0.3411764705882354,1.3613556666666646,1.8849539999999996,9.4,14,0.7853975000000002,125,4/5
1.0471966666666666,-101,6.0,0.3176470588235296,1.3613556666666646,1.8849539999999996,9.4,14,0.7853975000000002,125,4/5
1.0471966666666666,-101,5.0,0.3176470588235296,1.3613556666666646,1.8849539999999996,9.4,14,0.7853975000000002,125,4/5
1.1277502564102564,-99,6.0,0.270588235294118,1.3613556666666646,1.8849539999999996,9.4,14,0.7853975000000002,125,4/5
1.1277502564102564,-100,6.0,0.2941176470588238,1.3613556666666646,1.8849539999999996,9.4,14,0.7853975000000002,125,4/5
1.1277502564102564,-99,6.0,0.270588235294118,1.3613556666666646,1.8849539999999996,9.4,14,0.7853975000000002,125,4/5
1.1277502564102564,-99,6.0,0.270588235294118,1.3613556666666646,1.8849539999999996,9.4,14,0.7853975000000002,125,4/5
1.1277502564102564,-99,6.0,0.270588235294118,1.3613556666666646,1.8849539999999996,9.4,14,0.7853975000000002,125,4/5
1.1277502564102564,-100,6.0,0.2941176470588238,1.3613556666666646,1.8849539999999996,9.4,14,0.7853975000000002,125,4/5
1.2083038461538462,-102,6.0,0.3411764705882354,1.3613556666666646,1.8849539999999996,9.4,14,0.7853975000000002,125,4/5
1.2083038461538462,-100,5.0,0.2941176470588238,1.3613556666666646,1.8849539999999996,9.4,14,0.7853975000000002,125,4/5
1.2083038461538462,-101,6.0,0.3176470588235296,1.3613556666666646,1.8849539999999996,9.4,14,0.7853975000000002,125,4/5
1.2083038461538462,-101,6.0,0.3176470588235296,1.3613556666666646,1.8849539999999996,9.4,14,0.7853975000000002,125,4/5
1.2083038461538462,-101,6.0,0.3176470588235296,1.3613556666666646,1.8849539999999996,9.4,14,0.7853975000000002,125,4/5
1.2888574358974358,-102,6.0,0.3411764705882354,1.3613556666666646,1.8849539999999996,9.4,14,0.7853975000000002,125,4/5
1.2888574358974358,-102,5.0,0.3411764705882354,1.3613556666666646,1.8849539999999996,9.4,14,0.7853975000000002,125,4/5
1.2888574358974358,-101,5.0,0.3176470588235296,1.3613556666666646,1.8849539999999996,9.4,14,0.7853975000000002,125,4/5
1.2888574358974358,-101,6.0,0.3176470588235296,1.3613556666666646,1.8849539999999996,9.4,14,0.7853975000000002,125,4/5
1.2888574358974358,-101,6.0,0.3176470588235296,1.3613556666666646,1.8849539999999996,9.4,14,0.7853975000000002,125,4/5
1.3694110256410257,-105,5.0,0.41176470588235325,1.3613556666666646,1.8849539999999996,9.4,14,0.7853975000000002,125,4/5
1.3694110256410257,-105,5.0,0.41176470588235325,1.3613556666666646,1.8849539999999996,9.4,14,0.7853975000000002,125,4/5
1.3694110256410257,-103,6.0,0.3647058823529412,1.3613556666666646,1.8849539999999996,9.4,14,0.7853975000000002,125,4/5
1.3694110256410257,-103,5.0,0.3647058823529412,1.3613556666666646,1.8849539999999996,9.4,14,0.7853975000000002,125,4/5
1.3694110256410257,-103,6.0,0.3647058823529412,1.3613556666666646,1.8849539999999996,9.4,14,0.7853975000000002,125,4/5
1.3694110256410257,-104,5.0,0.38823529411764746,1.3613556666666646,1.8849539999999996,9.4,14,0.7853975000000002,125,4/5
1.3694110256410257,-103,6.0,0.3647058823529412,1.3613556666666646,1.8849539999999996,9.4,14,0.7853975000000002,125,4/5
1.4499646153846153,-108,3.0,0.48235294117647065,1.3613556666666646,1.8849539999999996,9.4,14,0.7853975000000002,125,4/5
1.4499646153846153,-109,3.0,0.5058823529411769,1.3613556666666646,1.8849539999999996,9.4,14,0.7853975000000002,125,4/5
1.4499646153846153,-109,3.0,0.5058823529411769,1.3613556666666646,1.8849539999999996,9.4,14,0.7853975000000002,125,4/5
1.4499646153846153,-109,2.0,0.5058823529411769,1.3613556666666646,1.8849539999999996,9.4,14,0.7853975000000002,125,4/5
1.4499646153846153,-110,3.0,0.5294117647058827,1.3613556666666646,1.8849539999999996,9.4,14,0.7853975000000002,125,4/5
1.5305182051282051,-111,1.0,0.5529411764705885,1.3613556666666646,1.8849539999999996,9.4,14,0.7853975000000002,125,4/5
1.5305182051282051,-110,2.0,0.5294117647058827,1.3613556666666646,1.8849539999999996,9.4,14,0.7853975000000002,125,4/5
1.5305182051282051,-111,1.0,0.5529411764705885,1.3613556666666646,1.8849539999999996,9.4,14,0.7853975000000002,125,4/5
1.5305182051282051,-111,1.0,0.5529411764705885,1.3613556666666646,1.8849539999999996,9.4,14,0.7853975000000002,125,4/5
1.5305182051282051,-111,1.0,0.5529411764705885,1.3613556666666646,1.8849539999999996,9.4,14,0.7853975000000002,125,4/5
1.5305182051282051,-111,2.0,0.5529411764705885,1.3613556666666646,1.8849539999999996,9.4,14,0.7853975000000002,125,4/5
1.6110717948717947,-115,-1.0,0.6470588235294121,1.3613556666666646,1.8849539999999996,9.4,14,0.7853975000000002,125,4/5
1.6110717948717947,-113,0.0,0.6000000000000001,1.3613556666666646,1.8849539999999996,9.4,14,0.7853975000000002,125,4/5
1.6110717948717947,-112,0.0,0.5764705882352943,1.3613556666666646,1.8849539999999996,9.4,14,0.7853975000000002,125,4/5
1.6110717948717947,-113,-0.0,0.6000000000000001,1.3613556666666646,1.8849539999999996,9.4,14,0.7853975000000002,125,4/5
1.6110717948717947,-112,0.0,0.5764705882352943,1.3613556666666646,1.8849539999999996,9.4,14,0.7853975000000002,125,4/5
1.6110717948717947,-113,-0.0,0.6000000000000001,1.3613556666666646,1.8849539999999996,9.4,14,0.7853975000000002,125,4/5
1.6916253846153846,-109,3.0,0.5058823529411769,1.3613556666666646,1.8849539999999996,9.4,14,0.7853975000000002,125,4/5
1.6916253846153846,-118,-4.0,0.7176470588235295,1.3613556666666646,1.8849539999999996,9.4,14,0.7853975000000002,125,4/5
1.6916253846153846,-120,-5.0,0.7647058823529416,1.3613556666666646,1.8849539999999996,9.4,14,0.7853975000000002,125,4/5
1.6916253846153846,-118,-4.0,0.7176470588235295,1.3613556666666646,1.8849539999999996,9.4,14,0.7853975000000002,125,4/5
1.6916253846153846,-121,-6.0,0.7882352941176474,1.3613556666666646,1.8849539999999996,9.4,14,0.7853975000000002,125,4/5
1.6916253846153846,-122,-7.0,0.8117647058823532,1.3613556666666646,1.8849539999999996,9.4,14,0.7853975000000002,125,4/5
1.7721789743589744,-112,0.0,0.5764705882352943,1.3613556666666646,1.8849539999999996,9.4,14,0.7853975000000002,125,4/5
1.7721789743589744,-111,1.0,0.5529411764705885,1.3613556666666646,1.8849539999999996,9.4,14,0.7853975000000002,125,4/5
1.7721789743589744,-111,0.0,0.5529411764705885,1.3613556666666646,1.8849539999999996,9.4,14,0.7853975000000002,125,4/5
1.7721789743589744,-112,0.0,0.5764705882352943,1.3613556666666646,1.8849539999999996,9.4,14,0.7853975000000002,125,4/5
1.7721789743589744,-111,1.0,0.5529411764705885,1.3613556666666646,1.8849539999999996,9.4,14,0.7853975000000002,125,4/5
1.852732564102564,-113,-0.0,0.6000000000000001,1.3613556666666646,1.8849539999999996,9.4,14,0.7853975000000002,125,4/5
1.852732564102564,-113,-0.0,0.6000000000000001,1.3613556666666646,1.8849539999999996,9.4,14,0.7853975000000002,125,4/5
1.852732564102564,-112,0.0,0.5764705882352943,1.3613556666666646,1.8849539999999996,9.4,14,0.7853975000000002,125,4/5
1.852732564102564,-114,-1.0,0.6235294117647063,1.3613556666666646,1.8849539999999996,9.4,14,0.7853975000000002,125,4/5
1.852732564102564,-113,-1.0,0.6000000000000001,1.3613556666666646,1.8849539999999996,9.4,14,0.7853975000000002,125,4/5
1.852732564102564,-114,-1.0,0.6235294117647063,1.3613556666666646,1.8849539999999996,9.4,14,0.7853975000000002,125,4/5
1.9332861538461539,-114,-1.0,0.6235294117647063,1.3613556666666646,1.8849539999999996,9.4,14,0.7853975000000002,125,4/5
1.9332861538461539,-112,-0.0,0.5764705882352943,1.3613556666666646,1.8849539999999996,9.4,14,0.7853975000000002,125,4/5
1.9332861538461539,-114,-1.0,0.6235294117647063,1.3613556666666646,1.8849539999999996,9.4,14,0.7853975000000002,125,4/5
1.9332861538461539,-114,-1.0,0.6235294117647063,1.3613556666666646,1.8849539999999996,9.4,14,0.7853975000000002,125,4/5
1.9332861538461539,-113,-0.0,0.6000000000000001,1.3613556666666646,1.8849539999999996,9.4,14,0.7853975000000002,125,4/5
1.9332861538461539,-116,-2.0,0.6705882352941179,1.3613556666666646,1.8849539999999996,9.4,14,0.7853975000000002,125,4/5
2.0138397435897435,-123,-8.0,0.835294117647059,0.9424770000000002,2.2619447999999993,9.5,14,0.7853975000000002,125,4/5
2.0138397435897435,-122,-7.0,0.8117647058823532,0.9424770000000002,2.2619447999999993,9.5,14,0.7853975000000002,125,4/5
2.0138397435897435,-123,-7.0,0.835294117647059,0.9424770000000002,2.2619447999999993,9.5,14,0.7853975000000002,125,4/5
2.0138397435897435,-121,-7.0,0.7882352941176474,0.9424770000000002,2.2619447999999993,9.5,14,0.7853975000000002,125,4/5
2.0138397435897435,-124,-8.0,0.8588235294117648,0.9424770000000002,2.2619447999999993,9.5,14,0.7853975000000002,125,4/5
2.094393333333333,-120,-5.0,0.7647058823529416,0.9424770000000002,2.2619447999999993,9.5,14,0.7853975000000002,125,4/5
2.094393333333333,-121,-6.0,0.7882352941176474,0.9424770000000002,2.2619447999999993,9.5,14,0.7853975000000002,125,4/5
2.094393333333333,-125,-10.0,0.882352941176471,0.9424770000000002,2.2619447999999993,9.5,14,0.7853975000000002,125,4/5
2.094393333333333,-122,-7.0,0.8117647058823532,0.9424770000000002,2.2619447999999993,9.5,14,0.7853975000000002,125,4/5
2.094393333333333,-123,-8.0,0.835294117647059,0.9424770000000002,2.2619447999999993,9.5,14,0.7853975000000002,125,4/5
2.174946923076923,-123,-8.0,0.835294117647059,0.9424770000000002,2.2619447999999993,9.5,14,0.7853975000000002,125,4/5
2.174946923076923,-124,-8.0,0.8588235294117648,0.9424770000000002,2.2619447999999993,9.5,14,0.7853975000000002,125,4/5
2.174946923076923,-123,-7.0,0.835294117647059,0.9424770000000002,2.2619447999999993,9.5,14,0.7853975000000002,125,4/5
2.174946923076923,-122,-8.0,0.8117647058823532,0.9424770000000002,2.2619447999999993,9.5,14,0.7853975000000002,125,4/5
2.174946923076923,-124,-8.0,0.8588235294117648,0.9424770000000002,2.2619447999999993,9.5,14,0.7853975000000002,125,4/5
2.255500512820513,-119,-4.0,0.7411764705882353,0.9424770000000002,2.2619447999999993,9.5,14,0.7853975000000002,125,4/5
2.255500512820513,-123,-8.0,0.835294117647059,0.9424770000000002,2.2619447999999993,9.5,14,0.7853975000000002,125,4/5
2.255500512820513,-125,-10.0,0.882352941176471,0.9424770000000002,2.2619447999999993,9.5,14,0.7853975000000002,125,4/5
2.255500512820513,-124,-8.0,0.8588235294117648,0.9424770000000002,2.2619447999999993,9.5,14,0.7853975000000002,125,4/5
2.255500512820513,-122,-7.0,0.8117647058823532,0.9424770000000002,2.2619447999999993,9.5,14,0.7853975000000002,125,4/5
2.3360541025641024,-122,-7.0,0.8117647058823532,0.9424770000000002,2.2619447999999993,9.5,14,0.7853975000000002,125,4/5
2.3360541025641024,-119,-4.0,0.7411764705882353,0.9424770000000002,2.2619447999999993,9.5,14,0.7853975000000002,125,4/5
2.3360541025641024,-118,-4.0,0.7176470588235295,0.9424770000000002,2.2619447999999993,9.5,14,0.7853975000000002,125,4/5
2.3360541025641024,-118,-4.0,0.7176470588235295,0.9424770000000002,2.2619447999999993,9.5,14,0.7853975000000002,125,4/5
2.3360541025641024,-117,-3.0,0.6941176470588237,0.9424770000000002,2.2619447999999993,9.5,14,0.7853975000000002,125,4/5
2.4166076923076925,-120,-5.0,0.7647058823529416,0.9424770000000002,2.2619447999999993,9.5,14,0.7853975000000002,125,4/5
2.4166076923076925,-120,-5.0,0.7647058823529416,0.9424770000000002,2.2619447999999993,9.5,14,0.7853975000000002,125,4/5
2.4166076923076925,-122,-7.0,0.8117647058823532,0.9424770000000002,2.2619447999999993,9.5,14,0.7853975000000002,125,4/5
2.4166076923076925,-120,-5.0,0.7647058823529416,0.9424770000000002,2.2619447999999993,9.5,14,0.7853975000000002,125,4/5
2.4166076923076925,-122,-7.0,0.8117647058823532,0.9424770000000002,2.2619447999999993,9.5,14,0.7853975000000002,125,4/5
2.497161282051282,-121,-6.0,0.7882352941176474,0.9424770000000002,2.2619447999999993,9.5,14,0.7853975000000002,125,4/5
2.497161282051282,-118,-3.0,0.7176470588235295,0.9424770000000002,2.2619447999999993,9.5,14,0.7853975000000002,125,4/5
2.497161282051282,-124,-8.0,0.8588235294117648,0.9424770000000002,2.2619447999999993,9.5,14,0.7853975000000002,125,4/5
2.497161282051282,-124,-8.0,0.8588235294117648,0.9424770000000002,2.2619447999999993,9.5,14,0.7853975000000002,125,4/5
2.497161282051282,-121,-6.0,0.7882352941176474,0.9424770000000002,2.2619447999999993,9.5,14,0.7853975000000002,125,4/5
2.5777148717948717,-120,-5.0,0.7647058823529416,0.9424770000000002,2.2619447999999993,9.5,14,0.7853975000000002,125,4/5
2.5777148717948717,-119,-4.0,0.7411764705882353,0.9424770000000002,2.2619447999999993,9.5,14,0.7853975000000002,125,4/5
2.5777148717948717,-119,-4.0,0.7411764705882353,0.9424770000000002,2.2619447999999993,9.5,14,0.7853975000000002,125,4/5
2.5777148717948717,-119,-5.0,0.7411764705882353,0.9424770000000002,2.2619447999999993,9.5,14,0.7853975000000002,125,4/5
2.5777148717948717,-120,-5.0,0.7647058823529416,0.9424770000000002,2.2619447999999993,9.5,14,0.7853975000000002,125,4/5
2.5777148717948717,-119,-4.0,0.7411764705882353,0.9424770000000002,2.2619447999999993,9.5,14,0.7853975000000002,125,4/5
2.6582684615384613,-123,-7.0,0.835294117647059,0.9424770000000002,2.2619447999999993,9.5,14,0.7853975000000002,125,4/5
2.6582684615384613,-126,-11.0,0.9058823529411768,0.9424770000000002,2.2619447999999993,9.5,14,0.7853975000000002,125,4/5
2.6582684615384613,-125,-10.0,0.882352941176471,0.9424770000000002,2.2619447999999993,9.5,14,0.7853975000000002,125,4/5
2.6582684615384613,-122,-12.0,0.8117647058823532,0.9424770000000002,2.2619447999999993,9.5,14,0.7853975000000002,125,4/5
2.6582684615384613,-124,-10.0,0.8588235294117648,0.9424770000000002,2.2619447999999993,9.5,14,0.7853975000000002,125,4/5
2.6582684615384613,-125,-9.0,0.882352941176471,0.9424770000000002,2.2619447999999993,9.5,14,0.7853975000000002,125,4/5
2.7388220512820514,-127,-11.0,0.9294117647058826,0.9424770000000002,2.2619447999999993,9.5,14,0.7853975000000002,125,4/5
2.7388220512820514,-126,-11.0,0.9058823529411768,0.9424770000000002,2.2619447999999993,9.5,14,0.7853975000000002,125,4/5
2.7388220512820514,-127,-11.0,0.9294117647058826,0.9424770000000002,2.2619447999999993,9.5,14,0.7853975000000002,125,4/5
2.7388220512820514,-127,-11.0,0.9294117647058826,0.9424770000000002,2.2619447999999993,9.5,14,0.7853975000000002,125,4/5
2.819375641025641,-126,-10.0,0.9058823529411768,2.1991130000000005,0.0,10.0,14,0.7853975000000002,125,4/5
2.819375641025641,-124,-8.0,0.8588235294117648,2.1991130000000005,0.0,10.0,14,0.7853975000000002,125,4/5
2.819375641025641,-126,-10.0,0.9058823529411768,2.1991130000000005,0.0,10.0,14,0.7853975000000002,125,4/5
2.819375641025641,-124,-10.0,0.8588235294117648,2.1991130000000005,0.0,10.0,14,0.7853975000000002,125,4/5
2.819375641025641,-125,-9.0,0.882352941176471,2.1991130000000005,0.0,10.0,14,0.7853975000000002,125,4/5
2.8999292307692306,-124,-8.0,0.8588235294117648,2.1991130000000005,0.0,10.0,14,0.7853975000000002,125,4/5
2.8999292307692306,-124,-8.0,0.8588235294117648,2.1991130000000005,0.0,10.0,14,0.7853975000000002,125,4/5
2.8999292307692306,-124,-10.0,0.8588235294117648,2.1991130000000005,0.0,10.0,14,0.7853975000000002,125,4/5
2.8999292307692306,-124,-8.0,0.8588235294117648,2.1991130000000005,0.0,10.0,14,0.7853975000000002,125,4/5
2.8999292307692306,-122,-7.0,0.8117647058823532,2.1991130000000005,0.0,10.0,14,0.7853975000000002,125,4/5
2.8999292307692306,-122,-6.0,0.8117647058823532,2.1991130000000005,0.0,10.0,14,0.7853975000000002,125,4/5
2.9804828205128207,-126,-10.0,0.9058823529411768,0.6283180000000002,2.6389356,9.1,14,0.7853975000000002,125,4/5
2.9804828205128207,-126,-10.0,0.9058823529411768,0.6283180000000002,2.6389356,9.1,14,0.7853975000000002,125,4/5
2.9804828205128207,-126,-10.0,0.9058823529411768,0.6283180000000002,2.6389356,9.1,14,0.7853975000000002,125,4/5
2.9804828205128207,-126,-10.0,0.9058823529411768,0.6283180000000002,2.6389356,9.1,14,0.7853975000000002,125,4/5
2.9804828205128207,-127,-11.0,0.9294117647058826,0.6283180000000002,2.6389356,9.1,14,0.7853975000000002,125,4/5
3.0610364102564103,-126,-10.0,0.9058823529411768,0.6283180000000002,2.6389356,9.1,14,0.7853975000000002,125,4/5
3.0610364102564103,-125,-9.0,0.882352941176471,0.6283180000000002,2.6389356,9.1,14,0.7853975000000002,125,4/5
3.0610364102564103,-126,-10.0,0.9058823529411768,0.6283180000000002,2.6389356,9.1,14,0.7853975000000002,125,4/5
3.0610364102564103,-126,-10.0,0.9058823529411768,0.6283180000000002,2.6389356,9.1,14,0.7853975000000002,125,4/5
3.0610364102564103,-125,-11.0,0.882352941176471,0.6283180000000002,2.6389356,9.1,14,0.7853975000000002,125,4/5
0.0,-45,7.0,-0.9999999999999998,3.1415900000000008,0.37699079999999974,10.2,14,1.5707950000000004,125,4/5
0.0,-45,7.0,-0.9999999999999998,3.1415900000000008,0.37699079999999974,10.2,14,1.5707950000000004,125,4/5
0.0,-45,7.0,-0.9999999999999998,3.1415900000000008,0.37699079999999974,10.2,14,1.5707950000000004,125,4/5
0.0,-45,7.0,-0.9999999999999998,3.1415900000000008,0.37699079999999974,10.2,14,1.5707950000000004,125,4/5
0.0,-45,6.0,-0.9999999999999998,3.1415900000000008,0.37699079999999974,10.2,14,1.5707950000000004,125,4/5
0.09666430769230769,-46,7.0,-0.9764705882352938,2.4085523333333327,0.6283180000000002,9.5,14,1.5707950000000004,125,4/5
0.09666430769230769,-45,7.0,-0.9999999999999998,2.4085523333333327,0.6283180000000002,9.5,14,1.5707950000000004,125,4/5
0.09666430769230769,-45,7.0,-0.9999999999999998,2.4085523333333327,0.6283180000000002,9.5,14,1.5707950000000004,125,4/5
0.09666430769230769,-46,7.0,-0.9764705882352938,2.4085523333333327,0.6283180000000002,9.5,14,1.5707950000000004,125,4/5
0.09666430769230769,-45,6.0,-0.9999999999999998,2.4085523333333327,0.6283180000000002,9.5,14,1.5707950000000004,125,4/5
0.16110717948717948,-56,6.0,-0.7411764705882351,2.4085523333333327,0.6283180000000002,9.5,14,1.5707950000000004,125,4/5
0.16110717948717948,-59,7.0,-0.6705882352941175,2.4085523333333327,0.6283180000000002,9.5,14,1.5707950000000004,125,4/5
0.16110717948717948,-60,6.0,-0.6470588235294115,2.4085523333333327,0.6283180000000002,9.5,14,1.5707950000000004,125,4/5
0.16110717948717948,-64,7.0,-0.552941176470588,2.4085523333333327,0.6283180000000002,9.5,14,1.5707950000000004,125,4/5
0.16110717948717948,-68,6.0,-0.4588235294117644,2.4085523333333327,0.6283180000000002,9.5,14,1.5707950000000004,125,4/5
0.24166076923076923,-76,5.0,-0.2705882352941176,2.4085523333333327,0.6283180000000002,9.5,14,1.5707950000000004,125,4/5
0.24166076923076923,-75,6.0,-0.2941176470588234,2.4085523333333327,0.6283180000000002,9.5,14,1.5707950000000004,125,4/5
0.24166076923076923,-74,6.0,-0.31764705882352917,2.4085523333333327,0.6283180000000002,9.5,14,1.5707950000000004,125,4/5
0.24166076923076923,-76,6.0,-0.2705882352941176,2.4085523333333327,0.6283180000000002,9.5,14,1.5707950000000004,125,4/5
0.24166076923076923,-77,6.0,-0.24705882352941133,2.4085523333333327,0.6283180000000002,9.5,14,1.5707950000000004,125,4/5
0.32221435897435896,-81,7.0,-0.15294117647058814,2.4085523333333327,0.6283180000000002,9.5,14,1.5707950000000004,125,4/5
0.32221435897435896,-82,7.0,-0.1294117647058819,2.4085523333333327,0.6283180000000002,9.5,14,1.5707950000000004,125,4/5
0.32221435897435896,-82,7.0,-0.1294117647058819,2.4085523333333327,0.6283180000000002,9.5,14,1.5707950000000004,125,4/5
0.32221435897435896,-92,7.0,0.10588235294117654,2.4085523333333327,0.6283180000000002,9.5,14,1.5707950000000004,125,4/5
0.32221435897435896,-81,7.0,-0.15294117647058814,2.4085523333333327,0.6283180000000002,9.5,14,1.5707950000000004,125,4/5
0.4027679487179487,-79,7.0,-0.19999999999999973,2.4085523333333327,0.6283180000000002,9.5,14,1.5707950000000004,125,4/5
0.4027679487179487,-79,6.0,-0.19999999999999973,2.4085523333333327,0.6283180000000002,9.5,14,1.5707950000000004,125,4/5
0.4027679487179487,-79,6.0,-0.19999999999999973,2.4085523333333327,0.6283180000000002,9.5,14,1.5707950000000004,125,4/5
0.4027679487179487,-79,7.0,-0.19999999999999973,2.4085523333333327,0.6283180000000002,9.5,14,1.5707950000000004,125,4/5
0.4027679487179487,-80,7.0,-0.17647058823529393,2.4085523333333327,0.6283180000000002,9.5,14,1.5707950000000004,125,4/5
0.48332153846153847,-80,7.0,-0.17647058823529393,2.4085523333333327,0.6283180000000002,9.5,14,1.5707950000000004,125,4/5
0.48332153846153847,-81,7.0,-0.15294117647058814,2.4085523333333327,0.6283180000000002,9.5,14,1.5707950000000004,125,4/5
0.48332153846153847,-79,7.0,-0.19999999999999973,2.4085523333333327,0.6283180000000002,9.5,14,1.5707950000000004,125,4/5
0.48332153846153847,-80,7.0,-0.17647058823529393,2.4085523333333327,0.6283180000000002,9.5,14,1.5707950000000004,125,4/5
0.48332153846153847,-82,7.0,-0.1294117647058819,2.4085523333333327,0.6283180000000002,9.5,14,1.5707950000000004,125,4/5
0.5638751282051282,-85,7.0,-0.0588235294117645,2.4085523333333327,0.6283180000000002,9.5,14,1.5707950000000004,125,4/5
0.5638751282051282,-92,7.0,0.10588235294117654,2.4085523333333327,0.6283180000000002,9.5,14,1.5707950000000004,125,4/5
0.5638751282051282,-90,7.0,0.05882352941176494,2.4085523333333327,0.6283180000000002,9.5,14,1.5707950000000004,125,4/5
0.5638751282051282,-97,7.0,0.22352941176470598,2.4085523333333327,0.6283180000000002,9.5,14,1.5707950000000004,125,4/5
0.5638751282051282,-92,7.0,0.10588235294117654,2.4085523333333327,0.6283180000000002,9.5,14,1.5707950000000004,125,4/5
0.6444287179487179,-101,6.0,0.3176470588235296,2.4085523333333327,0.6283180000000002,9.5,14,1.5707950000000004,125,4/5
0.6444287179487179,-108,6.0,0.48235294117647065,2.4085523333333327,0.6283180000000002,9.5,14,1.5707950000000004,125,4/5
0.6444287179487179,-95,6.0,0.17647058823529438,2.4085523333333327,0.6283180000000002,9.5,14,1.5707950000000004,125,4/5
0.6444287179487179,-102,6.0,0.3411764705882354,2.4085523333333327,0.6283180000000002,9.5,14,1.5707950000000004,125,4/5
0.6444287179487179,-97,6.0,0.22352941176470598,2.4085523333333327,0.6283180000000002,9.5,14,1.5707950000000004,125,4/5
0.7249823076923076,-103,6.0,0.3647058823529412,2.4085523333333327,0.6283180000000002,9.5,14,1.5707950000000004,125,4/5
0.7249823076923076,-113,2.0,0.6000000000000001,2.4085523333333327,0.6283180000000002,9.5,14,1.5707950000000004,125,4/5
0.7249823076923076,-109,5.0,0.5058823529411769,2.4085523333333327,0.6283180000000002,9.5,14,1.5707950000000004,125,4/5
0.7249823076923076,-111,4.0,0.5529411764705885,2.4085523333333327,0.6283180000000002,9.5,14,1.5707950000000004,125,4/5
0.7249823076923076,-104,6.0,0.38823529411764746,2.4085523333333327,0.6283180000000002,9.5,14,1.5707950000000004,125,4/5
0.8055358974358974,-112,4.0,0.5764705882352943,2.4085523333333327,0.6283180000000002,9.5,14,1.5707950000000004,125,4/5
0.8055358974358974,-116,0.0,0.6705882352941179,2.4085523333333327,0.6283180000000002,9.5,14,1.5707950000000004,125,4/5
0.8055358974358974,-118,-1.0,0.7176470588235295,2.4085523333333327,0.6283180000000002,9.5,14,1.5707950000000004,125,4/5
0.8055358974358974,-116,0.0,0.6705882352941179,2.4085523333333327,0.6283180000000002,9.5,14,1.5707950000000004,125,4/5
0.8055358974358974,-119,-2.0,0.7411764705882353,2.4085523333333327,0.6283180000000002,9.5,14,1.5707950000000004,125,4/5
0.8860894871794872,-107,6.0,0.45882352941176485,2.4085523333333327,0.6283180000000002,9.5,14,1.5707950000000004,125,4/5
0.8860894871794872,-112,4.0,0.5764705882352943,2.4085523333333327,0.6283180000000002,9.5,14,1.5707950000000004,125,4/5
0.8860894871794872,-105,6.0,0.41176470588235325,2.4085523333333327,0.6283180000000002,9.5,14,1.5707950000000004,125,4/5
0.8860894871794872,-112,4.0,0.5764705882352943,2.4085523333333327,0.6283180000000002,9.5,14,1.5707950000000004,125,4/5
0.8860894871794872,-116,0.0,0.6705882352941179,1.8849540000000005,0.8796451999999997,8.9,14,1.5707950000000004,125,4/5
0.9666430769230769,-105,5.0,0.41176470588235325,1.8849540000000005,0.8796451999999997,8.9,14,1.5707950000000004,125,4/5
0.9666430769230769,-113,2.0,0.6000000000000001,1.8849540000000005,0.8796451999999997,8.9,14,1.5707950000000004,125,4/5
0.9666430769230769,-103,6.0,0.3647058823529412,1.8849540000000005,0.8796451999999997,8.9,14,1.5707950000000004,125,4/5
0.9666430769230769,-104,7.0,0.38823529411764746,1.8849540000000005,0.8796451999999997,8.9,14,1.5707950000000004,125,4/5
0.9666430769230769,-102,6.0,0.3411764705882354,1.8849540000000005,0.8796451999999997,8.9,14,1.5707950000000004,125,4/5
1.0471966666666666,-121,-3.0,0.7882352941176474,1.8849540000000005,0.8796451999999997,8.9,14,1.5707950000000004,125,4/5
1.0471966666666666,-126,-7.0,0.9058823529411768,1.8849540000000005,0.8796451999999997,8.9,14,1.5707950000000004,125,4/5
1.0471966666666666,-124,-5.0,0.8588235294117648,1.8849540000000005,0.8796451999999997,8.9,14,1.5707950000000004,125,4/5
1.0471966666666666,-124,-6.0,0.8588235294117648,1.8849540000000005,0.8796451999999997,8.9,14,1.5707950000000004,125,4/5
1.0471966666666666,-126,-7.0,0.9058823529411768,1.8849540000000005,0.8796451999999997,8.9,14,1.5707950000000004,125,4/5
1.1277502564102564,-122,-4.0,0.8117647058823532,1.8849540000000005,0.8796451999999997,8.9,14,1.5707950000000004,125,4/5
1.1277502564102564,-121,-4.0,0.7882352941176474,1.8849540000000005,0.8796451999999997,8.9,14,1.5707950000000004,125,4/5
1.1277502564102564,-126,-7.0,0.9058823529411768,1.8849540000000005,0.8796451999999997,8.9,14,1.5707950000000004,125,4/5
1.1277502564102564,-120,-2.0,0.7647058823529416,1.8849540000000005,0.8796451999999997,8.9,14,1.5707950000000004,125,4/5
1.1277502564102564,-123,-5.0,0.835294117647059,1.8849540000000005,0.8796451999999997,8.9,14,1.5707950000000004,125,4/5
1.2083038461538462,-122,-4.0,0.8117647058823532,1.8849540000000005,0.8796451999999997,8.9,14,1.5707950000000004,125,4/5
1.2083038461538462,-121,-4.0,0.7882352941176474,1.8849540000000005,0.8796451999999997,8.9,14,1.5707950000000004,125,4/5
1.2083038461538462,-126,-7.0,0.9058823529411768,1.8849540000000005,0.8796451999999997,8.9,14,1.5707950000000004,125,4/5
1.2083038461538462,-120,-2.0,0.7647058823529416,1.8849540000000005,0.8796451999999997,8.9,14,1.5707950000000004,125,4/5
1.2083038461538462,-123,-5.0,0.835294117647059,1.8849540000000005,0.8796451999999997,8.9,14,1.5707950000000004,125,4/5
1.2888574358974358,-124,-6.0,0.8588235294117648,1.8849540000000005,0.8796451999999997,8.9,14,1.5707950000000004,125,4/5
1.2888574358974358,-125,-7.0,0.882352941176471,1.8849540000000005,0.8796451999999997,8.9,14,1.5707950000000004,125,4/5
1.2888574358974358,-121,-4.0,0.7882352941176474,1.8849540000000005,0.8796451999999997,8.9,14,1.5707950000000004,125,4/5
1.2888574358974358,-123,-5.0,0.835294117647059,1.8849540000000005,0.8796451999999997,8.9,14,1.5707950000000004,125,4/5
1.2888574358974358,-123,-5.0,0.835294117647059,1.8849540000000005,0.8796451999999997,8.9,14,1.5707950000000004,125,4/5
1.3694110256410257,-126,-7.0,0.9058823529411768,1.8849540000000005,0.8796451999999997,8.9,14,1.5707950000000004,125,4/5
1.3694110256410257,-127,-9.0,0.9294117647058826,1.8849540000000005,0.8796451999999997,8.9,14,1.5707950000000004,125,4/5
1.3694110256410257,-125,-7.0,0.882352941176471,1.8849540000000005,0.8796451999999997,8.9,14,1.5707950000000004,125,4/5
1.3694110256410257,-124,-6.0,0.8588235294117648,1.8849540000000005,0.8796451999999997,8.9,14,1.5707950000000004,125,4/5
1.3694110256410257,-127,-8.0,0.9294117647058826,1.8849540000000005,0.8796451999999997,8.9,14,1.5707950000000004,125,4/5
1.4499646153846153,-122,-5.0,0.8117647058823532,1.8849540000000005,0.8796451999999997,8.9,14,1.5707950000000004,125,4/5
1.4499646153846153,-120,-3.0,0.7647058823529416,1.8849540000000005,0.8796451999999997,8.9,14,1.5707950000000004,125,4/5
1.4499646153846153,-124,-5.0,0.8588235294117648,1.8849540000000005,0.8796451999999997,8.9,14,1.5707950000000004,125,4/5
1.4499646153846153,-123,-4.0,0.835294117647059,1.8849540000000005,0.8796451999999997,8.9,14,1.5707950000000004,125,4/5
1.4499646153846153,-121,-3.0,0.7882352941176474,1.8849540000000005,0.8796451999999997,8.9,14,1.5707950000000004,125,4/5
1.5305182051282051,-119,-2.0,0.7411764705882353,1.8849540000000005,0.8796451999999997,8.9,14,1.5707950000000004,125,4/5
1.5305182051282051,-119,-2.0,0.7411764705882353,1.8849540000000005,0.8796451999999997,8.9,14,1.5707950000000004,125,4/5
1.5305182051282051,-124,-6.0,0.8588235294117648,1.8849540000000005,0.8796451999999997,8.9,14,1.5707950000000004,125,4/5
1.5305182051282051,-123,-6.0,0.835294117647059,1.8849540000000005,0.8796451999999997,8.9,14,1.5707950000000004,125,4/5
1.5305182051282051,-124,-6.0,0.8588235294117648,1.8849540000000005,0.8796451999999997,8.9,14,1.5707950000000004,125,4/5
1.6110717948717947,-114,2.0,0.6235294117647063,1.8849540000000005,0.8796451999999997,8.9,14,1.5707950000000004,125,4/5
1.6110717948717947,-114,1.0,0.6235294117647063,1.8849540000000005,0.8796451999999997,8.9,14,1.5707950000000004,125,4/5
1.6110717948717947,-120,-3.0,0.7647058823529416,1.8849540000000005,0.8796451999999997,8.9,14,1.5707950000000004,125,4/5
1.6110717948717947,-125,-7.0,0.882352941176471,1.8849540000000005,0.8796451999999997,8.9,14,1.5707950000000004,125,4/5
1.6110717948717947,-122,-5.0,0.8117647058823532,1.8849540000000005,0.8796451999999997,8.9,14,1.5707950000000004,125,4/5
1.6110717948717947,-121,-4.0,0.7882352941176474,1.8849540000000005,0.8796451999999997,8.9,14,1.5707950000000004,125,4/5
1.6916253846153846,-123,-5.0,0.835294117647059,1.8849540000000005,0.8796451999999997,8.9,14,1.5707950000000004,125,4/5
1.6916253846153846,-118,-1.0,0.7176470588235295,1.8849540000000005,0.8796451999999997,8.9,14,1.5707950000000004,125,4/5
1.6916253846153846,-114,1.0,0.6235294117647063,1.8849540000000005,0.8796451999999997,8.9,14,1.5707950000000004,125,4/5
1.6916253846153846,-114,1.0,0.6235294117647063,1.8849540000000005,0.8796451999999997,8.9,14,1.5707950000000004,125,4/5
1.6916253846153846,-119,-2.0,0.7411764705882353,1.8849540000000005,0.8796451999999997,8.9,14,1.5707950000000004,125,4/5
1.7721789743589744,-122,-4.0,0.8117647058823532,1.8849540000000005,0.8796451999999997,8.9,14,1.5707950000000004,125,4/5
1.7721789743589744,-116,0.0,0.6705882352941179,1.8849540000000005,0.8796451999999997,8.9,14,1.5707950000000004,125,4/5
1.7721789743589744,-121,-3.0,0.7882352941176474,1.4660753333333325,1.1309723999999992,8.7,14,1.5707950000000004,125,4/5
1.7721789743589744,-124,-5.0,0.8588235294117648,1.4660753333333325,1.1309723999999992,8.7,14,1.5707950000000004,125,4/5
1.7721789743589744,-127,-10.0,0.9294117647058826,1.4660753333333325,1.1309723999999992,8.7,14,1.5707950000000004,125,4/5
1.852732564102564,-124,-6.0,0.8588235294117648,1.4660753333333325,1.1309723999999992,8.7,14,1.5707950000000004,125,4/5
1.852732564102564,-122,-5.0,0.8117647058823532,1.4660753333333325,1.1309723999999992,8.7,14,1.5707950000000004,125,4/5
1.852732564102564,-124,-6.0,0.8588235294117648,1.4660753333333325,1.1309723999999992,8.7,14,1.5707950000000004,125,4/5
1.852732564102564,-124,-6.0,0.8588235294117648,1.4660753333333325,1.1309723999999992,8.7,14,1.5707950000000004,125,4/5
1.852732564102564,-123,-5.0,0.835294117647059,1.4660753333333325,1.1309723999999992,8.7,14,1.5707950000000004,125,4/5
1.9332861538461539,-116,-0.0,0.6705882352941179,1.4660753333333325,1.1309723999999992,8.7,14,1.5707950000000004,125,4/5
1.9332861538461539,-116,-0.0,0.6705882352941179,1.4660753333333325,1.1309723999999992,8.7,14,1.5707950000000004,125,4/5
1.9332861538461539,-118,-5.0,0.7176470588235295,1.4660753333333325,1.1309723999999992,8.7,14,1.5707950000000004,125,4/5
1.9332861538461539,-117,-1.0,0.6941176470588237,1.4660753333333325,1.1309723999999992,8.7,14,1.5707950000000004,125,4/5
1.9332861538461539,-121,-3.0,0.7882352941176474,1.4660753333333325,1.1309723999999992,8.7,14,1.5707950000000004,125,4/5
2.0138397435897435,-117,-0.0,0.6941176470588237,1.4660753333333325,1.1309723999999992,8.7,14,1.5707950000000004,125,4/5
2.0138397435897435,-114,2.0,0.6235294117647063,1.4660753333333325,1.1309723999999992,8.7,14,1.5707950000000004,125,4/5
2.0138397435897435,-116,0.0,0.6705882352941179,1.4660753333333325,1.1309723999999992,8.7,14,1.5707950000000004,125,4/5
2.0138397435897435,-114,2.0,0.6235294117647063,1.4660753333333325,1.1309723999999992,8.7,14,1.5707950000000004,125,4/5
2.0138397435897435,-116,0.0,0.6705882352941179,1.4660753333333325,1.1309723999999992,8.7,14,1.5707950000000004,125,4/5
2.094393333333333,-115,0.0,0.6470588235294121,1.4660753333333325,1.1309723999999992,8.7,14,1.5707950000000004,125,4/5
2.094393333333333,-115,0.0,0.6470588235294121,1.4660753333333325,1.1309723999999992,8.7,14,1.5707950000000004,125,4/5
2.094393333333333,-114,1.0,0.6235294117647063,1.4660753333333325,1.1309723999999992,8.7,14,1.5707950000000004,125,4/5
2.094393333333333,-117,-1.0,0.6941176470588237,1.4660753333333325,1.1309723999999992,8.7,14,1.5707950000000004,125,4/5
2.094393333333333,-116,0.0,0.6705882352941179,1.4660753333333325,1.1309723999999992,8.7,14,1.5707950000000004,125,4/5
2.174946923076923,-118,-1.0,0.7176470588235295,1.4660753333333325,1.1309723999999992,8.7,14,1.5707950000000004,125,4/5
2.174946923076923,-118,-1.0,0.7176470588235295,1.4660753333333325,1.1309723999999992,8.7,14,1.5707950000000004,125,4/5
2.174946923076923,-116,0.0,0.6705882352941179,1.4660753333333325,1.1309723999999992,8.7,14,1.5707950000000004,125,4/5
2.174946923076923,-116,-0.0,0.6705882352941179,1.4660753333333325,1.1309723999999992,8.7,14,1.5707950000000004,125,4/5
2.174946923076923,-116,-0.0,0.6705882352941179,1.4660753333333325,1.1309723999999992,8.7,14,1.5707950000000004,125,4/5
2.255500512820513,-119,-2.0,0.7411764705882353,1.4660753333333325,1.1309723999999992,8.7,14,1.5707950000000004,125,4/5
2.255500512820513,-117,-1.0,0.6941176470588237,1.4660753333333325,1.1309723999999992,8.7,14,1.5707950000000004,125,4/5
2.255500512820513,-116,-0.0,0.6705882352941179,1.4660753333333325,1.1309723999999992,8.7,14,1.5707950000000004,125,4/5
2.255500512820513,-117,-1.0,0.6941176470588237,1.4660753333333325,1.1309723999999992,8.7,14,1.5707950000000004,125,4/5
2.255500512820513,-118,-1.0,0.7176470588235295,1.4660753333333325,1.1309723999999992,8.7,14,1.5707950000000004,125,4/5
2.3360541025641024,-116,-0.0,0.6705882352941179,1.4660753333333325,1.1309723999999992,8.7,14,1.5707950000000004,125,4/5
2.3360541025641024,-115,0.0,0.6470588235294121,1.4660753333333325,1.1309723999999992,8.7,14,1.5707950000000004,125,4/5
2.3360541025641024,-116,0.0,0.6705882352941179,1.4660753333333325,1.1309723999999992,8.7,14,1.5707950000000004,125,4/5
2.3360541025641024,-117,-1.0,0.6941176470588237,1.4660753333333325,1.1309723999999992,8.7,14,1.5707950000000004,125,4/5
2.3360541025641024,-117,-0.0,0.6941176470588237,1.4660753333333325,1.1309723999999992,8.7,14,1.5707950000000004,125,4/5
2.4166076923076925,-116,0.0,0.6705882352941179,1.4660753333333325,1.1309723999999992,8.7,14,1.5707950000000004,125,4/5
2.4166076923076925,-118,-1.0,0.7176470588235295,1.4660753333333325,1.1309723999999992,8.7,14,1.5707950000000004,125,4/5
2.4166076923076925,-116,-0.0,0.6705882352941179,1.4660753333333325,1.1309723999999992,8.7,14,1.5707950000000004,125,4/5
2.4166076923076925,-118,-2.0,0.7176470588235295,1.4660753333333325,1.1309723999999992,8.7,14,1.5707950000000004,125,4/5
2.4166076923076925,-116,-1.0,0.6705882352941179,1.4660753333333325,1.1309723999999992,8.7,14,1.5707950000000004,125,4/5
2.497161282051282,-118,-2.0,0.7176470588235295,1.4660753333333325,1.1309723999999992,8.7,14,1.5707950000000004,125,4/5
2.497161282051282,-120,-3.0,0.7647058823529416,1.4660753333333325,1.1309723999999992,8.7,14,1.5707950000000004,125,4/5
2.497161282051282,-118,-1.0,0.7176470588235295,1.4660753333333325,1.1309723999999992,8.7,14,1.5707950000000004,125,4/5
2.497161282051282,-120,-3.0,0.7647058823529416,1.4660753333333325,1.1309723999999992,8.7,14,1.5707950000000004,125,4/5
2.497161282051282,-121,-4.0,0.7882352941176474,1.4660753333333325,1.1309723999999992,8.7,14,1.5707950000000004,125,4/5
2.5777148717948717,-118,-1.0,0.7176470588235295,1.4660753333333325,1.1309723999999992,8.7,14,1.5707950000000004,125,4/5
2.5777148717948717,-118,-1.0,0.7176470588235295,1.4660753333333325,1.1309723999999992,8.7,14,1.5707950000000004,125,4/5
2.5777148717948717,-116,-0.0,0.6705882352941179,1.4660753333333325,1.1309723999999992,8.7,14,1.5707950000000004,125,4/5
2.5777148717948717,-118,-2.0,0.7176470588235295,1.4660753333333325,1.1309723999999992,8.7,14,1.5707950000000004,125,4/5
2.5777148717948717,-119,-2.0,0.7411764705882353,1.4660753333333325,1.1309723999999992,8.7,14,1.5707950000000004,125,4/5
2.6582684615384613,-121,-8.0,0.7882352941176474,1.4660753333333325,1.1309723999999992,8.7,14,1.5707950000000004,125,4/5
2.6582684615384613,-123,-5.0,0.835294117647059,1.4660753333333325,1.1309723999999992,8.7,14,1.5707950000000004,125,4/5
2.6582684615384613,-116,-0.0,0.6705882352941179,1.4660753333333325,1.1309723999999992,8.7,14,1.5707950000000004,125,4/5
2.6582684615384613,-117,-1.0,0.6941176470588237,1.4660753333333325,1.1309723999999992,8.7,14,1.5707950000000004,125,4/5
2.6582684615384613,-122,-4.0,0.8117647058823532,1.4660753333333325,1.1309723999999992,8.7,14,1.5707950000000004,125,4/5
2.7388220512820514,-120,-3.0,0.7647058823529416,0.9424770000000002,1.3822995999999996,8.0,14,1.5707950000000004,125,4/5
2.7388220512820514,-128,-9.0,0.9529411764705884,0.9424770000000002,1.3822995999999996,8.0,14,1.5707950000000004,125,4/5
2.7388220512820514,-121,-3.0,0.7882352941176474,0.9424770000000002,1.3822995999999996,8.0,14,1.5707950000000004,125,4/5
2.7388220512820514,-126,-7.0,0.9058823529411768,0.9424770000000002,1.3822995999999996,8.0,14,1.5707950000000004,125,4/5
2.7388220512820514,-123,-5.0,0.835294117647059,0.9424770000000002,1.3822995999999996,8.0,14,1.5707950000000004,125,4/5
2.819375641025641,-122,-5.0,0.8117647058823532,0.9424770000000002,1.3822995999999996,8.0,14,1.5707950000000004,125,4/5
2.819375641025641,-129,-10.0,0.9764705882352942,0.9424770000000002,1.3822995999999996,8.0,14,1.5707950000000004,125,4/5
2.819375641025641,-123,-11.0,0.835294117647059,0.9424770000000002,1.3822995999999996,8.0,14,1.5707950000000004,125,4/5
2.819375641025641,-126,-7.0,0.9058823529411768,0.9424770000000002,1.3822995999999996,8.0,14,1.5707950000000004,125,4/5
2.819375641025641,-128,-9.0,0.9529411764705884,0.9424770000000002,1.3822995999999996,8.0,14,1.5707950000000004,125,4/5
2.8999292307692306,-125,-7.0,0.882352941176471,0.9424770000000002,1.3822995999999996,8.0,14,1.5707950000000004,125,4/5
2.8999292307692306,-128,-10.0,0.9529411764705884,0.9424770000000002,1.3822995999999996,8.0,14,1.5707950000000004,125,4/5
2.8999292307692306,-130,-11.0,1.0,0.9424770000000002,1.3822995999999996,8.0,14,1.5707950000000004,125,4/5
2.8999292307692306,-129,-10.0,0.9764705882352942,0.9424770000000002,1.3822995999999996,8.0,14,1.5707950000000004,125,4/5
2.8999292307692306,-129,-10.0,0.9764705882352942,0.9424770000000002,1.3822995999999996,8.0,14,1.5707950000000004,125,4/5
2.9804828205128207,-123,-12.0,0.835294117647059,0.9424770000000002,1.3822995999999996,8.0,14,1.5707950000000004,125,4/5
2.9804828205128207,-127,-9.0,0.9294117647058826,0.9424770000000002,1.3822995999999996,8.0,14,1.5707950000000004,125,4/5
2.9804828205128207,-129,-10.0,0.9764705882352942,0.9424770000000002,1.3822995999999996,8.0,14,1.5707950000000004,125,4/5
2.9804828205128207,-130,-11.0,1.0,0.9424770000000002,1.3822995999999996,8.0,14,1.5707950000000004,125,4/5
2.9804828205128207,-129,-10.0,0.9764705882352942,0.9424770000000002,1.3822995999999996,8.0,14,1.5707950000000004,125,4/5
0.0,-51,7.0,-0.8588235294117645,2.0943933333333327,1.0053088,10.5,14,2.3561925000000006,125,4/5
0.0,-51,7.0,-0.8588235294117645,2.0943933333333327,1.0053088,10.5,14,2.3561925000000006,125,4/5
0.0,-51,7.0,-0.8588235294117645,2.0943933333333327,1.0053088,10.5,14,2.3561925000000006,125,4/5
0.0,-51,7.0,-0.8588235294117645,2.0943933333333327,1.0053088,10.5,14,2.3561925000000006,125,4/5
0.0,-51,6.0,-0.8588235294117645,2.0943933333333327,1.0053088,10.5,14,2.3561925000000006,125,4/5
0.0,-51,7.0,-0.8588235294117645,2.0943933333333327,1.0053088,10.5,14,2.3561925000000006,125,4/5
0.08055358974358974,-80,7.0,-0.17647058823529393,2.0943933333333327,1.0053088,10.5,14,2.3561925000000006,125,4/5
0.08055358974358974,-84,6.0,-0.0823529411764703,2.0943933333333327,1.0053088,10.5,14,2.3561925000000006,125,4/5
0.08055358974358974,-82,7.0,-0.1294117647058819,2.0943933333333327,1.0053088,10.5,14,2.3561925000000006,125,4/5
0.08055358974358974,-83,6.0,-0.1058823529411761,2.0943933333333327,1.0053088,10.5,14,2.3561925000000006,125,4/5
0.08055358974358974,-84,6.0,-0.0823529411764703,2.0943933333333327,1.0053088,10.5,14,2.3561925000000006,125,4/5
0.08055358974358974,-82,6.0,-0.1294117647058819,2.0943933333333327,1.0053088,10.5,14,2.3561925000000006,125,4/5
0.08055358974358974,-79,7.0,-0.19999999999999973,2.0943933333333327,1.0053088,10.5,14,2.3561925000000006,125,4/5
0.16110717948717948,-84,7.0,-0.0823529411764703,1.5707950000000004,1.2566359999999994,10.1,14,2.3561925000000006,125,4/5
0.16110717948717948,-88,7.0,0.011764705882353343,1.5707950000000004,1.2566359999999994,10.1,14,2.3561925000000006,125,4/5
0.16110717948717948,-92,7.0,0.10588235294117654,1.5707950000000004,1.2566359999999994,10.1,14,2.3561925000000006,125,4/5
0.16110717948717948,-90,7.0,0.05882352941176494,1.5707950000000004,1.2566359999999994,10.1,14,2.3561925000000006,125,4/5
0.16110717948717948,-90,7.0,0.05882352941176494,1.5707950000000004,1.2566359999999994,10.1,14,2.3561925000000006,125,4/5
0.16110717948717948,-93,7.0,0.12941176470588278,1.5707950000000004,1.2566359999999994,10.1,14,2.3561925000000006,125,4/5
0.24166076923076923,-100,6.0,0.2941176470588238,1.5707950000000004,1.2566359999999994,10.1,14,2.3561925000000006,125,4/5
0.24166076923076923,-99,6.0,0.270588235294118,1.5707950000000004,1.2566359999999994,10.1,14,2.3561925000000006,125,4/5
0.24166076923076923,-97,6.0,0.22352941176470598,1.5707950000000004,1.2566359999999994,10.1,14,2.3561925000000006,125,4/5
0.24166076923076923,-98,6.0,0.24705882352941178,1.5707950000000004,1.2566359999999994,10.1,14,2.3561925000000006,125,4/5
0.24166076923076923,-97,7.0,0.22352941176470598,1.5707950000000004,1.2566359999999994,10.1,14,2.3561925000000006,125,4/5
0.32221435897435896,-104,4.0,0.38823529411764746,1.5707950000000004,1.2566359999999994,10.1,14,2.3561925000000006,125,4/5
0.32221435897435896,-102,6.0,0.3411764705882354,1.5707950000000004,1.2566359999999994,10.1,14,2.3561925000000006,125,4/5
0.32221435897435896,-103,6.0,0.3647058823529412,1.5707950000000004,1.2566359999999994,10.1,14,2.3561925000000006,125,4/5
0.32221435897435896,-100,6.0,0.2941176470588238,1.5707950000000004,1.2566359999999994,10.1,14,2.3561925000000006,125,4/5
0.32221435897435896,-107,6.0,0.45882352941176485,1.5707950000000004,1.2566359999999994,10.1,14,2.3561925000000006,125,4/5
0.32221435897435896,-100,6.0,0.2941176470588238,1.5707950000000004,1.2566359999999994,10.1,14,2.3561925000000006,125,4/5
0.4027679487179487,-101,6.0,0.3176470588235296,1.5707950000000004,1.2566359999999994,10.1,14,2.3561925000000006,125,4/5
0.4027679487179487,-109,5.0,0.5058823529411769,1.5707950000000004,1.2566359999999994,10.1,14,2.3561925000000006,125,4/5
0.4027679487179487,-105,4.0,0.41176470588235325,1.5707950000000004,1.2566359999999994,10.1,14,2.3561925000000006,125,4/5
0.4027679487179487,-105,6.0,0.41176470588235325,1.5707950000000004,1.2566359999999994,10.1,14,2.3561925000000006,125,4/5
0.4027679487179487,-108,5.0,0.48235294117647065,1.5707950000000004,1.2566359999999994,10.1,14,2.3561925000000006,125,4/5
0.48332153846153847,-117,-1.0,0.6941176470588237,1.5707950000000004,1.2566359999999994,10.1,14,2.3561925000000006,125,4/5
0.48332153846153847,-111,4.0,0.5529411764705885,1.5707950000000004,1.2566359999999994,10.1,14,2.3561925000000006,125,4/5
0.48332153846153847,-112,4.0,0.5764705882352943,1.5707950000000004,1.2566359999999994,10.1,14,2.3561925000000006,125,4/5
0.48332153846153847,-111,4.0,0.5529411764705885,1.5707950000000004,1.2566359999999994,10.1,14,2.3561925000000006,125,4/5
0.48332153846153847,-109,5.0,0.5058823529411769,1.5707950000000004,1.2566359999999994,10.1,14,2.3561925000000006,125,4/5
0.5638751282051282,-105,5.0,0.41176470588235325,1.5707950000000004,1.2566359999999994,10.1,14,2.3561925000000006,125,4/5
0.5638751282051282,-107,6.0,0.45882352941176485,1.5707950000000004,1.2566359999999994,10.1,14,2.3561925000000006,125,4/5
0.5638751282051282,-111,4.0,0.5529411764705885,1.5707950000000004,1.2566359999999994,10.1,14,2.3561925000000006,125,4/5
0.5638751282051282,-107,5.0,0.45882352941176485,1.5707950000000004,1.2566359999999994,10.1,14,2.3561925000000006,125,4/5
0.5638751282051282,-105,6.0,0.41176470588235325,1.5707950000000004,1.2566359999999994,10.1,14,2.3561925000000006,125,4/5
0.6444287179487179,-105,6.0,0.41176470588235325,1.5707950000000004,1.2566359999999994,10.1,14,2.3561925000000006,125,4/5
0.6444287179487179,-102,6.0,0.3411764705882354,1.5707950000000004,1.2566359999999994,10.1,14,2.3561925000000006,125,4/5
0.6444287179487179,-103,6.0,0.3647058823529412,1.5707950000000004,1.2566359999999994,10.1,14,2.3561925000000006,125,4/5
0.6444287179487179,-104,6.0,0.38823529411764746,1.5707950000000004,1.2566359999999994,10.1,14,2.3561925000000006,125,4/5
0.6444287179487179,-104,6.0,0.38823529411764746,1.5707950000000004,1.2566359999999994,10.1,14,2.3561925000000006,125,4/5
0.7249823076923076,-101,6.0,0.3176470588235296,1.5707950000000004,1.2566359999999994,10.1,14,2.3561925000000006,125,4/5
0.7249823076923076,-103,6.0,0.3647058823529412,1.5707950000000004,1.2566359999999994,10.1,14,2.3561925000000006,125,4/5
0.7249823076923076,-104,6.0,0.38823529411764746,1.5707950000000004,1.2566359999999994,10.1,14,2.3561925000000006,125,4/5
0.7249823076923076,-104,6.0,0.38823529411764746,1.5707950000000004,1.2566359999999994,10.1,14,2.3561925000000006,125,4/5
0.7249823076923076,-105,6.0,0.41176470588235325,1.5707950000000004,1.2566359999999994,10.1,14,2.3561925000000006,125,4/5
0.8055358974358974,-110,4.0,0.5294117647058827,1.5707950000000004,1.2566359999999994,10.1,14,2.3561925000000006,125,4/5
0.8055358974358974,-111,4.0,0.5529411764705885,1.5707950000000004,1.2566359999999994,10.1,14,2.3561925000000006,125,4/5
0.8055358974358974,-110,5.0,0.5294117647058827,1.5707950000000004,1.2566359999999994,10.1,14,2.3561925000000006,125,4/5
0.8055358974358974,-110,6.0,0.5294117647058827,1.5707950000000004,1.2566359999999994,10.1,14,2.3561925000000006,125,4/5
0.8055358974358974,-110,4.0,0.5294117647058827,1.5707950000000004,1.2566359999999994,10.1,14,2.3561925000000006,125,4/5
0.8860894871794872,-107,6.0,0.45882352941176485,1.5707950000000004,1.2566359999999994,10.1,14,2.3561925000000006,125,4/5
0.8860894871794872,-108,6.0,0.48235294117647065,1.5707950000000004,1.2566359999999994,10.1,14,2.3561925000000006,125,4/5
0.8860894871794872,-107,5.0,0.45882352941176485,1.5707950000000004,1.2566359999999994,10.1,14,2.3561925000000006,125,4/5
0.8860894871794872,-108,5.0,0.48235294117647065,1.5707950000000004,1.2566359999999994,10.1,14,2.3561925000000006,125,4/5
0.8860894871794872,-108,5.0,0.48235294117647065,1.5707950000000004,1.2566359999999994,10.1,14,2.3561925000000006,125,4/5
0.9666430769230769,-113,3.0,0.6000000000000001,1.5707950000000004,1.2566359999999994,10.1,14,2.3561925000000006,125,4/5
0.9666430769230769,-113,3.0,0.6000000000000001,1.5707950000000004,1.2566359999999994,10.1,14,2.3561925000000006,125,4/5
0.9666430769230769,-114,2.0,0.6235294117647063,1.5707950000000004,1.2566359999999994,10.1,14,2.3561925000000006,125,4/5
0.9666430769230769,-115,1.0,0.6470588235294121,1.5707950000000004,1.2566359999999994,10.1,14,2.3561925000000006,125,4/5
0.9666430769230769,-113,3.0,0.6000000000000001,1.5707950000000004,1.2566359999999994,10.1,14,2.3561925000000006,125,4/5
1.0471966666666666,-114,2.0,0.6235294117647063,1.5707950000000004,1.2566359999999994,10.1,14,2.3561925000000006,125,4/5
1.0471966666666666,-114,2.0,0.6235294117647063,1.5707950000000004,1.2566359999999994,10.1,14,2.3561925000000006,125,4/5
1.0471966666666666,-114,1.0,0.6235294117647063,1.5707950000000004,1.2566359999999994,10.1,14,2.3561925000000006,125,4/5
1.0471966666666666,-114,2.0,0.6235294117647063,1.5707950000000004,1.2566359999999994,10.1,14,2.3561925000000006,125,4/5
1.0471966666666666,-113,2.0,0.6000000000000001,1.5707950000000004,1.2566359999999994,10.1,14,2.3561925000000006,125,4/5
1.1277502564102564,-113,3.0,0.6000000000000001,1.5707950000000004,1.2566359999999994,10.1,14,2.3561925000000006,125,4/5
1.1277502564102564,-111,2.0,0.5529411764705885,1.5707950000000004,1.2566359999999994,10.1,14,2.3561925000000006,125,4/5
1.1277502564102564,-113,2.0,0.6000000000000001,1.5707950000000004,1.2566359999999994,10.1,14,2.3561925000000006,125,4/5
1.1277502564102564,-114,2.0,0.6235294117647063,1.5707950000000004,1.2566359999999994,10.1,14,2.3561925000000006,125,4/5
1.1277502564102564,-113,3.0,0.6000000000000001,1.5707950000000004,1.2566359999999994,10.1,14,2.3561925000000006,125,4/5
1.2083038461538462,-113,3.0,0.6000000000000001,1.5707950000000004,1.2566359999999994,10.1,14,2.3561925000000006,125,4/5
1.2083038461538462,-109,6.0,0.5058823529411769,1.5707950000000004,1.2566359999999994,10.1,14,2.3561925000000006,125,4/5
1.2083038461538462,-109,6.0,0.5058823529411769,1.5707950000000004,1.2566359999999994,10.1,14,2.3561925000000006,125,4/5
1.2083038461538462,-109,5.0,0.5058823529411769,1.5707950000000004,1.2566359999999994,10.1,14,2.3561925000000006,125,4/5
1.2083038461538462,-109,5.0,0.5058823529411769,1.5707950000000004,1.2566359999999994,10.1,14,2.3561925000000006,125,4/5
1.2888574358974358,-113,3.0,0.6000000000000001,1.5707950000000004,1.2566359999999994,10.1,14,2.3561925000000006,125,4/5
1.2888574358974358,-117,-1.0,0.6941176470588237,1.5707950000000004,1.2566359999999994,10.1,14,2.3561925000000006,125,4/5
1.2888574358974358,-119,-4.0,0.7411764705882353,1.5707950000000004,1.2566359999999994,10.1,14,2.3561925000000006,125,4/5
1.2888574358974358,-116,0.0,0.6705882352941179,1.5707950000000004,1.2566359999999994,10.1,14,2.3561925000000006,125,4/5
1.2888574358974358,-119,-2.0,0.7411764705882353,1.5707950000000004,1.2566359999999994,10.1,14,2.3561925000000006,125,4/5
1.3694110256410257,-112,3.0,0.5764705882352943,1.5707950000000004,1.2566359999999994,10.1,14,2.3561925000000006,125,4/5
1.3694110256410257,-111,5.0,0.5529411764705885,1.5707950000000004,1.2566359999999994,10.1,14,2.3561925000000006,125,4/5
1.3694110256410257,-111,4.0,0.5529411764705885,1.5707950000000004,1.2566359999999994,10.1,14,2.3561925000000006,125,4/5
1.3694110256410257,-110,4.0,0.5294117647058827,1.5707950000000004,1.2566359999999994,10.1,14,2.3561925000000006,125,4/5
1.3694110256410257,-110,5.0,0.5294117647058827,1.5707950000000004,1.2566359999999994,10.1,14,2.3561925000000006,125,4/5
1.4499646153846153,-116,0.0,0.6705882352941179,1.5707950000000004,1.2566359999999994,10.1,14,2.3561925000000006,125,4/5
1.4499646153846153,-113,2.0,0.6000000000000001,1.5707950000000004,1.2566359999999994,10.1,14,2.3561925000000006,125,4/5
1.4499646153846153,-114,2.0,0.6235294117647063,1.5707950000000004,1.2566359999999994,10.1,14,2.3561925000000006,125,4/5
1.4499646153846153,-118,-2.0,0.7176470588235295,1.5707950000000004,1.2566359999999994,10.1,14,2.3561925000000006,125,4/5
1.4499646153846153,-118,-1.0,0.7176470588235295,1.5707950000000004,1.2566359999999994,10.1,14,2.3561925000000006,125,4/5
1.5305182051282051,-117,-1.0,0.6941176470588237,1.5707950000000004,1.2566359999999994,10.1,14,2.3561925000000006,125,4/5
1.5305182051282051,-115,0.0,0.6470588235294121,1.5707950000000004,1.2566359999999994,10.1,14,2.3561925000000006,125,4/5
1.5305182051282051,-115,0.0,0.6470588235294121,1.5707950000000004,1.2566359999999994,10.1,14,2.3561925000000006,125,4/5
1.5305182051282051,-115,-4.0,0.6470588235294121,1.5707950000000004,1.2566359999999994,10.1,14,2.3561925000000006,125,4/5
1.5305182051282051,-115,0.0,0.6470588235294121,1.5707950000000004,1.2566359999999994,10.1,14,2.3561925000000006,125,4/5
1.6110717948717947,-113,1.0,0.6000000000000001,1.5707950000000004,1.2566359999999994,10.1,14,2.3561925000000006,125,4/5
1.6110717948717947,-114,1.0,0.6235294117647063,1.5707950000000004,1.2566359999999994,10.1,14,2.3561925000000006,125,4/5
1.6110717948717947,-114,1.0,0.6235294117647063,1.2566360000000003,1.3822995999999996,9.8,14,2.3561925000000006,125,4/5
1.6110717948717947,-113,1.0,0.6000000000000001,1.2566360000000003,1.3822995999999996,9.8,14,2.3561925000000006,125,4/5
1.6110717948717947,-113,2.0,0.6000000000000001,1.2566360000000003,1.3822995999999996,9.8,14,2.3561925000000006,125,4/5
1.6916253846153846,-115,0.0,0.6470588235294121,1.2566360000000003,1.3822995999999996,9.8,14,2.3561925000000006,125,4/5
1.6916253846153846,-115,0.0,0.6470588235294121,1.2566360000000003,1.3822995999999996,9.8,14,2.3561925000000006,125,4/5
1.6916253846153846,-120,-3.0,0.7647058823529416,1.2566360000000003,1.3822995999999996,9.8,14,2.3561925000000006,125,4/5
1.6916253846153846,-116,-0.0,0.6705882352941179,1.2566360000000003,1.3822995999999996,9.8,14,2.3561925000000006,125,4/5
1.6916253846153846,-117,-1.0,0.6941176470588237,1.2566360000000003,1.3822995999999996,9.8,14,2.3561925000000006,125,4/5
1.7721789743589744,-124,-6.0,0.8588235294117648,1.2566360000000003,1.3822995999999996,9.8,14,2.3561925000000006,125,4/5
1.7721789743589744,-123,-6.0,0.835294117647059,1.2566360000000003,1.3822995999999996,9.8,14,2.3561925000000006,125,4/5
1.7721789743589744,-124,-6.0,0.8588235294117648,1.2566360000000003,1.3822995999999996,9.8,14,2.3561925000000006,125,4/5
1.7721789743589744,-128,-9.0,0.9529411764705884,1.2566360000000003,1.3822995999999996,9.8,14,2.3561925000000006,125,4/5
1.7721789743589744,-127,-8.0,0.9294117647058826,1.2566360000000003,1.3822995999999996,9.8,14,2.3561925000000006,125,4/5
1.852732564102564,-113,0.0,0.6000000000000001,1.2566360000000003,1.3822995999999996,9.8,14,2.3561925000000006,125,4/5
1.852732564102564,-114,2.0,0.6235294117647063,1.2566360000000003,1.3822995999999996,9.8,14,2.3561925000000006,125,4/5
1.852732564102564,-113,2.0,0.6000000000000001,1.2566360000000003,1.3822995999999996,9.8,14,2.3561925000000006,125,4/5
1.852732564102564,-113,0.0,0.6000000000000001,1.2566360000000003,1.3822995999999996,9.8,14,2.3561925000000006,125,4/5
1.852732564102564,-114,2.0,0.6235294117647063,1.2566360000000003,1.3822995999999996,9.8,14,2.3561925000000006,125,4/5
1.9332861538461539,-114,1.0,0.6235294117647063,1.2566360000000003,1.3822995999999996,9.8,14,2.3561925000000006,125,4/5
1.9332861538461539,-114,2.0,0.6235294117647063,1.2566360000000003,1.3822995999999996,9.8,14,2.3561925000000006,125,4/5
1.9332861538461539,-114,2.0,0.6235294117647063,1.2566360000000003,1.3822995999999996,9.8,14,2.3561925000000006,125,4/5
1.9332861538461539,-114,0.0,0.6235294117647063,1.2566360000000003,1.3822995999999996,9.8,14,2.3561925000000006,125,4/5
1.9332861538461539,-114,1.0,0.6235294117647063,1.2566360000000003,1.3822995999999996,9.8,14,2.3561925000000006,125,4/5
1.9332861538461539,-114,2.0,0.6235294117647063,1.2566360000000003,1.3822995999999996,9.8,14,2.3561925000000006,125,4/5
2.0138397435897435,-120,-3.0,0.7647058823529416,1.2566360000000003,1.3822995999999996,9.8,14,2.3561925000000006,125,4/5
2.0138397435897435,-120,-4.0,0.7647058823529416,1.2566360000000003,1.3822995999999996,9.8,14,2.3561925000000006,125,4/5
2.0138397435897435,-120,-3.0,0.7647058823529416,1.2566360000000003,1.3822995999999996,9.8,14,2.3561925000000006,125,4/5
2.0138397435897435,-118,-2.0,0.7176470588235295,1.2566360000000003,1.3822995999999996,9.8,14,2.3561925000000006,125,4/5
2.0138397435897435,-118,-1.0,0.7176470588235295,1.2566360000000003,1.3822995999999996,9.8,14,2.3561925000000006,125,4/5
2.094393333333333,-115,-0.0,0.6470588235294121,1.2566360000000003,1.3822995999999996,9.8,14,2.3561925000000006,125,4/5
2.094393333333333,-116,-2.0,0.6705882352941179,1.2566360000000003,1.3822995999999996,9.8,14,2.3561925000000006,125,4/5
2.094393333333333,-117,-1.0,0.6941176470588237,1.2566360000000003,1.3822995999999996,9.8,14,2.3561925000000006,125,4/5
2.094393333333333,-117,-1.0,0.6941176470588237,1.2566360000000003,1.3822995999999996,9.8,14,2.3561925000000006,125,4/5
2.094393333333333,-115,0.0,0.6470588235294121,1.2566360000000003,1.3822995999999996,9.8,14,2.3561925000000006,125,4/5
2.174946923076923,-129,-10.0,0.9764705882352942,1.2566360000000003,1.3822995999999996,9.8,14,2.3561925000000006,125,4/5
2.174946923076923,-126,-8.0,0.9058823529411768,1.2566360000000003,1.3822995999999996,9.8,14,2.3561925000000006,125,4/5
2.174946923076923,-128,-10.0,0.9529411764705884,1.2566360000000003,1.3822995999999996,9.8,14,2.3561925000000006,125,4/5
2.174946923076923,-128,-9.0,0.9529411764705884,1.2566360000000003,1.3822995999999996,9.8,14,2.3561925000000006,125,4/5
2.174946923076923,-128,-9.0,0.9529411764705884,1.2566360000000003,1.3822995999999996,9.8,14,2.3561925000000006,125,4/5
2.255500512820513,-119,-3.0,0.7411764705882353,1.2566360000000003,1.3822995999999996,9.8,14,2.3561925000000006,125,4/5
2.255500512820513,-116,-2.0,0.6705882352941179,1.2566360000000003,1.3822995999999996,9.8,14,2.3561925000000006,125,4/5
2.255500512820513,-116,-0.0,0.6705882352941179,1.2566360000000003,1.3822995999999996,9.8,14,2.3561925000000006,125,4/5
2.255500512820513,-118,-4.0,0.7176470588235295,1.2566360000000003,1.3822995999999996,9.8,14,2.3561925000000006,125,4/5
2.255500512820513,-120,-3.0,0.7647058823529416,1.2566360000000003,1.3822995999999996,9.8,14,2.3561925000000006,125,4/5
2.3360541025641024,-120,-3.0,0.7647058823529416,1.2566360000000003,1.3822995999999996,9.8,14,2.3561925000000006,125,4/5
2.3360541025641024,-125,-7.0,0.882352941176471,1.2566360000000003,1.3822995999999996,9.8,14,2.3561925000000006,125,4/5
2.3360541025641024,-127,-10.0,0.9294117647058826,1.2566360000000003,1.3822995999999996,9.8,14,2.3561925000000006,125,4/5
2.3360541025641024,-124,-8.0,0.8588235294117648,1.2566360000000003,1.3822995999999996,9.8,14,2.3561925000000006,125,4/5
2.3360541025641024,-122,-4.0,0.8117647058823532,1.2566360000000003,1.3822995999999996,9.8,14,2.3561925000000006,125,4/5
2.4166076923076925,-118,-2.0,0.7176470588235295,1.2566360000000003,1.3822995999999996,9.8,14,2.3561925000000006,125,4/5
2.4166076923076925,-118,-1.0,0.7176470588235295,1.2566360000000003,1.3822995999999996,9.8,14,2.3561925000000006,125,4/5
2.4166076923076925,-117,-1.0,0.6941176470588237,1.2566360000000003,1.3822995999999996,9.8,14,2.3561925000000006,125,4/5
2.4166076923076925,-118,-1.0,0.7176470588235295,1.2566360000000003,1.3822995999999996,9.8,14,2.3561925000000006,125,4/5
2.4166076923076925,-118,-1.0,0.7176470588235295,1.2566360000000003,1.3822995999999996,9.8,14,2.3561925000000006,125,4/5
2.497161282051282,-123,-5.0,0.835294117647059,1.2566360000000003,1.3822995999999996,9.8,14,2.3561925000000006,125,4/5
2.497161282051282,-124,-5.0,0.8588235294117648,1.2566360000000003,1.3822995999999996,9.8,14,2.3561925000000006,125,4/5
2.497161282051282,-124,-6.0,0.8588235294117648,1.2566360000000003,1.3822995999999996,9.8,14,2.3561925000000006,125,4/5
2.497161282051282,-124,-6.0,0.8588235294117648,1.2566360000000003,1.3822995999999996,9.8,14,2.3561925000000006,125,4/5
2.497161282051282,-127,-8.0,0.9294117647058826,1.2566360000000003,1.3822995999999996,9.8,14,2.3561925000000006,125,4/5
2.497161282051282,-124,-6.0,0.8588235294117648,1.2566360000000003,1.3822995999999996,9.8,14,2.3561925000000006,125,4/5
2.5777148717948717,-128,-9.0,0.9529411764705884,1.2566360000000003,1.3822995999999996,9.8,14,2.3561925000000006,125,4/5
2.5777148717948717,-126,-9.0,0.9058823529411768,1.2566360000000003,1.3822995999999996,9.8,14,2.3561925000000006,125,4/5
2.5777148717948717,-129,-10.0,0.9764705882352942,1.2566360000000003,1.3822995999999996,9.8,14,2.3561925000000006,125,4/5
2.5777148717948717,-127,-9.0,0.9294117647058826,1.2566360000000003,1.3822995999999996,9.8,14,2.3561925000000006,125,4/5
2.5777148717948717,-126,-8.0,0.9058823529411768,1.2566360000000003,1.3822995999999996,9.8,14,2.3561925000000006,125,4/5
2.6582684615384613,-124,-6.0,0.8588235294117648,1.2566360000000003,1.3822995999999996,9.8,14,2.3561925000000006,125,4/5
2.6582684615384613,-121,-3.0,0.7882352941176474,1.2566360000000003,1.3822995999999996,9.8,14,2.3561925000000006,125,4/5
2.6582684615384613,-124,-6.0,0.8588235294117648,1.2566360000000003,1.3822995999999996,9.8,14,2.3561925000000006,125,4/5
2.6582684615384613,-122,-4.0,0.8117647058823532,1.2566360000000003,1.3822995999999996,9.8,14,2.3561925000000006,125,4/5
2.6582684615384613,-123,-5.0,0.835294117647059,1.2566360000000003,1.3822995999999996,9.8,14,2.3561925000000006,125,4/5
2.6582684615384613,-126,-7.0,0.9058823529411768,1.2566360000000003,1.3822995999999996,9.8,14,2.3561925000000006,125,4/5
2.7388220512820514,-123,-5.0,0.835294117647059,0.8377573333333324,1.7592903999999994,8.7,14,2.3561925000000006,125,4/5
2.7388220512820514,-122,-4.0,0.8117647058823532,0.8377573333333324,1.7592903999999994,8.7,14,2.3561925000000006,125,4/5
2.7388220512820514,-123,-8.0,0.835294117647059,0.8377573333333324,1.7592903999999994,8.7,14,2.3561925000000006,125,4/5
2.7388220512820514,-122,-5.0,0.8117647058823532,0.8377573333333324,1.7592903999999994,8.7,14,2.3561925000000006,125,4/5
2.7388220512820514,-120,-3.0,0.7647058823529416,0.8377573333333324,1.7592903999999994,8.7,14,2.3561925000000006,125,4/5
2.819375641025641,-123,-5.0,0.835294117647059,0.8377573333333324,1.7592903999999994,8.7,14,2.3561925000000006,125,4/5
2.819375641025641,-124,-6.0,0.8588235294117648,0.8377573333333324,1.7592903999999994,8.7,14,2.3561925000000006,125,4/5
2.819375641025641,-124,-6.0,0.8588235294117648,0.8377573333333324,1.7592903999999994,8.7,14,2.3561925000000006,125,4/5
2.819375641025641,-126,-7.0,0.9058823529411768,0.8377573333333324,1.7592903999999994,8.7,14,2.3561925000000006,125,4/5
2.819375641025641,-121,-5.0,0.7882352941176474,0.8377573333333324,1.7592903999999994,8.7,14,2.3561925000000006,125,4/5
2.8999292307692306,-128,-11.0,0.9529411764705884,0.8377573333333324,1.7592903999999994,8.7,14,2.3561925000000006,125,4/5
2.8999292307692306,-130,-11.0,1.0,0.8377573333333324,1.7592903999999994,8.7,14,2.3561925000000006,125,4/5
2.8999292307692306,-129,-10.0,0.9764705882352942,0.8377573333333324,1.7592903999999994,8.7,14,2.3561925000000006,125,4/5
2.8999292307692306,-123,-6.0,0.835294117647059,0.8377573333333324,1.7592903999999994,8.7,14,2.3561925000000006,125,4/5
2.8999292307692306,-123,-5.0,0.835294117647059,0.8377573333333324,1.7592903999999994,8.7,14,2.3561925000000006,125,4/5
2.9804828205128207,-128,-10.0,0.9529411764705884,0.8377573333333324,1.7592903999999994,8.7,14,2.3561925000000006,125,4/5
2.9804828205128207,-129,-10.0,0.9764705882352942,0.8377573333333324,1.7592903999999994,8.7,14,2.3561925000000006,125,4/5
2.9804828205128207,-129,-10.0,0.9764705882352942,0.8377573333333324,1.7592903999999994,8.7,14,2.3561925000000006,125,4/5
2.9804828205128207,-127,-9.0,0.9294117647058826,0.8377573333333324,1.7592903999999994,8.7,14,2.3561925000000006,125,4/5
2.9804828205128207,-128,-9.0,0.9529411764705884,0.8377573333333324,1.7592903999999994,8.7,14,2.3561925000000006,125,4/5
0.0,-56,6.0,-0.7411764705882351,2.722711333333333,1.7592903999999994,0.7,14,3.1415900000000008,125,4/5
0.0,-56,6.0,-0.7411764705882351,2.722711333333333,1.7592903999999994,0.7,14,3.1415900000000008,125,4/5
0.0,-56,6.0,-0.7411764705882351,2.722711333333333,1.7592903999999994,0.7,14,3.1415900000000008,125,4/5
0.0,-56,6.0,-0.7411764705882351,2.722711333333333,1.7592903999999994,0.7,14,3.1415900000000008,125,4/5
0.0,-56,6.0,-0.7411764705882351,2.722711333333333,1.7592903999999994,0.7,14,3.1415900000000008,125,4/5
0.08055358974358974,-60,6.0,-0.6470588235294115,2.4085523333333327,1.8849539999999996,0.8,14,3.1415900000000008,125,4/5
0.08055358974358974,-54,6.0,-0.7882352941176469,2.4085523333333327,1.8849539999999996,0.8,14,3.1415900000000008,125,4/5
0.08055358974358974,-53,6.0,-0.8117647058823527,2.4085523333333327,1.8849539999999996,0.8,14,3.1415900000000008,125,4/5
0.08055358974358974,-53,6.0,-0.8117647058823527,2.4085523333333327,1.8849539999999996,0.8,14,3.1415900000000008,125,4/5
0.08055358974358974,-53,6.0,-0.8117647058823527,2.4085523333333327,1.8849539999999996,0.8,14,3.1415900000000008,125,4/5
0.16110717948717948,-53,6.0,-0.8117647058823527,2.4085523333333327,1.8849539999999996,0.8,14,3.1415900000000008,125,4/5
0.16110717948717948,-53,6.0,-0.8117647058823527,2.4085523333333327,1.8849539999999996,0.8,14,3.1415900000000008,125,4/5
0.16110717948717948,-53,7.0,-0.8117647058823527,2.4085523333333327,1.8849539999999996,0.8,14,3.1415900000000008,125,4/5
0.16110717948717948,-65,6.0,-0.5294117647058822,2.4085523333333327,1.8849539999999996,0.8,14,3.1415900000000008,125,4/5
0.16110717948717948,-66,6.0,-0.5058823529411764,2.4085523333333327,1.8849539999999996,0.8,14,3.1415900000000008,125,4/5
0.24166076923076923,-77,7.0,-0.24705882352941133,2.4085523333333327,1.8849539999999996,0.8,14,3.1415900000000008,125,4/5
0.24166076923076923,-77,7.0,-0.24705882352941133,2.4085523333333327,1.8849539999999996,0.8,14,3.1415900000000008,125,4/5
0.24166076923076923,-77,7.0,-0.24705882352941133,2.4085523333333327,1.8849539999999996,0.8,14,3.1415900000000008,125,4/5
0.24166076923076923,-76,6.0,-0.2705882352941176,2.4085523333333327,1.8849539999999996,0.8,14,3.1415900000000008,125,4/5
0.24166076923076923,-76,6.0,-0.2705882352941176,2.4085523333333327,1.8849539999999996,0.8,14,3.1415900000000008,125,4/5
0.32221435897435896,-76,6.0,-0.2705882352941176,2.4085523333333327,1.8849539999999996,0.8,14,3.1415900000000008,125,4/5
0.32221435897435896,-78,7.0,-0.22352941176470553,2.4085523333333327,1.8849539999999996,0.8,14,3.1415900000000008,125,4/5
0.32221435897435896,-76,6.0,-0.2705882352941176,2.4085523333333327,1.8849539999999996,0.8,14,3.1415900000000008,125,4/5
0.32221435897435896,-77,7.0,-0.24705882352941133,2.4085523333333327,1.8849539999999996,0.8,14,3.1415900000000008,125,4/5
0.32221435897435896,-77,5.0,-0.24705882352941133,2.4085523333333327,1.8849539999999996,0.8,14,3.1415900000000008,125,4/5
0.4027679487179487,-78,7.0,-0.22352941176470553,2.4085523333333327,1.8849539999999996,0.8,14,3.1415900000000008,125,4/5
0.4027679487179487,-77,7.0,-0.24705882352941133,2.4085523333333327,1.8849539999999996,0.8,14,3.1415900000000008,125,4/5
0.4027679487179487,-77,7.0,-0.24705882352941133,2.4085523333333327,1.8849539999999996,0.8,14,3.1415900000000008,125,4/5
0.4027679487179487,-78,7.0,-0.22352941176470553,2.4085523333333327,1.8849539999999996,0.8,14,3.1415900000000008,125,4/5
0.4027679487179487,-77,7.0,-0.24705882352941133,2.4085523333333327,1.8849539999999996,0.8,14,3.1415900000000008,125,4/5
0.4027679487179487,-76,6.0,-0.2705882352941176,2.4085523333333327,1.8849539999999996,0.8,14,3.1415900000000008,125,4/5
0.48332153846153847,-82,7.0,-0.1294117647058819,2.4085523333333327,1.8849539999999996,0.8,14,3.1415900000000008,125,4/5
0.48332153846153847,-82,7.0,-0.1294117647058819,2.4085523333333327,1.8849539999999996,0.8,14,3.1415900000000008,125,4/5
0.48332153846153847,-86,7.0,-0.0352941176470587,2.4085523333333327,1.8849539999999996,0.8,14,3.1415900000000008,125,4/5
0.48332153846153847,-82,7.0,-0.1294117647058819,2.4085523333333327,1.8849539999999996,0.8,14,3.1415900000000008,125,4/5
0.48332153846153847,-81,6.0,-0.15294117647058814,2.4085523333333327,1.8849539999999996,0.8,14,3.1415900000000008,125,4/5
0.5638751282051282,-80,6.0,-0.17647058823529393,2.4085523333333327,1.8849539999999996,0.8,14,3.1415900000000008,125,4/5
0.5638751282051282,-86,7.0,-0.0352941176470587,2.4085523333333327,1.8849539999999996,0.8,14,3.1415900000000008,125,4/5
0.5638751282051282,-82,6.0,-0.1294117647058819,2.4085523333333327,1.8849539999999996,0.8,14,3.1415900000000008,125,4/5
0.5638751282051282,-81,7.0,-0.15294117647058814,2.4085523333333327,1.8849539999999996,0.8,14,3.1415900000000008,125,4/5
0.5638751282051282,-81,7.0,-0.15294117647058814,2.4085523333333327,1.8849539999999996,0.8,14,3.1415900000000008,125,4/5
0.6444287179487179,-81,7.0,-0.15294117647058814,2.4085523333333327,1.8849539999999996,0.8,14,3.1415900000000008,125,4/5
0.6444287179487179,-81,6.0,-0.15294117647058814,2.4085523333333327,1.8849539999999996,0.8,14,3.1415900000000008,125,4/5
0.6444287179487179,-81,6.0,-0.15294117647058814,2.4085523333333327,1.8849539999999996,0.8,14,3.1415900000000008,125,4/5
0.6444287179487179,-81,7.0,-0.15294117647058814,2.4085523333333327,1.8849539999999996,0.8,14,3.1415900000000008,125,4/5
0.6444287179487179,-82,6.0,-0.1294117647058819,2.4085523333333327,1.8849539999999996,0.8,14,3.1415900000000008,125,4/5
0.7249823076923076,-81,6.0,-0.15294117647058814,2.4085523333333327,1.8849539999999996,0.8,14,3.1415900000000008,125,4/5
0.7249823076923076,-105,6.0,0.41176470588235325,2.0943933333333327,2.0106176,1.3,14,3.1415900000000008,125,4/5
0.7249823076923076,-105,6.0,0.41176470588235325,2.0943933333333327,2.0106176,1.3,14,3.1415900000000008,125,4/5
0.7249823076923076,-109,5.0,0.5058823529411769,2.0943933333333327,2.0106176,1.3,14,3.1415900000000008,125,4/5
0.7249823076923076,-111,4.0,0.5529411764705885,2.0943933333333327,2.0106176,1.3,14,3.1415900000000008,125,4/5
0.8055358974358974,-105,6.0,0.41176470588235325,2.0943933333333327,2.0106176,1.3,14,3.1415900000000008,125,4/5
0.8055358974358974,-107,6.0,0.45882352941176485,2.0943933333333327,2.0106176,1.3,14,3.1415900000000008,125,4/5
0.8055358974358974,-105,6.0,0.41176470588235325,2.0943933333333327,2.0106176,1.3,14,3.1415900000000008,125,4/5
0.8055358974358974,-107,6.0,0.45882352941176485,2.0943933333333327,2.0106176,1.3,14,3.1415900000000008,125,4/5
0.8055358974358974,-105,6.0,0.41176470588235325,2.0943933333333327,2.0106176,1.3,14,3.1415900000000008,125,4/5
0.8055358974358974,-107,6.0,0.45882352941176485,2.0943933333333327,2.0106176,1.3,14,3.1415900000000008,125,4/5
0.8860894871794872,-107,5.0,0.45882352941176485,2.0943933333333327,2.0106176,1.3,14,3.1415900000000008,125,4/5
0.8860894871794872,-108,6.0,0.48235294117647065,2.0943933333333327,2.0106176,1.3,14,3.1415900000000008,125,4/5
0.8860894871794872,-105,5.0,0.41176470588235325,2.0943933333333327,2.0106176,1.3,14,3.1415900000000008,125,4/5
0.8860894871794872,-102,6.0,0.3411764705882354,2.0943933333333327,2.0106176,1.3,14,3.1415900000000008,125,4/5
0.8860894871794872,-107,5.0,0.45882352941176485,2.0943933333333327,2.0106176,1.3,14,3.1415900000000008,125,4/5
0.9666430769230769,-109,5.0,0.5058823529411769,2.0943933333333327,2.0106176,1.3,14,3.1415900000000008,125,4/5
0.9666430769230769,-108,5.0,0.48235294117647065,2.0943933333333327,2.0106176,1.3,14,3.1415900000000008,125,4/5
0.9666430769230769,-109,5.0,0.5058823529411769,2.0943933333333327,2.0106176,1.3,14,3.1415900000000008,125,4/5
0.9666430769230769,-108,5.0,0.48235294117647065,2.0943933333333327,2.0106176,1.3,14,3.1415900000000008,125,4/5
0.9666430769230769,-108,5.0,0.48235294117647065,2.0943933333333327,2.0106176,1.3,14,3.1415900000000008,125,4/5
1.0471966666666666,-108,5.0,0.48235294117647065,2.0943933333333327,2.0106176,1.3,14,3.1415900000000008,125,4/5
1.0471966666666666,-108,5.0,0.48235294117647065,2.0943933333333327,2.0106176,1.3,14,3.1415900000000008,125,4/5
1.0471966666666666,-108,5.0,0.48235294117647065,2.0943933333333327,2.0106176,1.3,14,3.1415900000000008,125,4/5
1.0471966666666666,-109,5.0,0.5058823529411769,2.0943933333333327,2.0106176,1.3,14,3.1415900000000008,125,4/5
1.0471966666666666,-109,5.0,0.5058823529411769,2.0943933333333327,2.0106176,1.3,14,3.1415900000000008,125,4/5
1.1277502564102564,-108,5.0,0.48235294117647065,2.0943933333333327,2.0106176,1.3,14,3.1415900000000008,125,4/5
1.1277502564102564,-109,5.0,0.5058823529411769,2.0943933333333327,2.0106176,1.3,14,3.1415900000000008,125,4/5
1.1277502564102564,-109,4.0,0.5058823529411769,2.0943933333333327,2.0106176,1.3,14,3.1415900000000008,125,4/5
1.1277502564102564,-108,6.0,0.48235294117647065,2.0943933333333327,2.0106176,1.3,14,3.1415900000000008,125,4/5
1.1277502564102564,-105,6.0,0.41176470588235325,2.0943933333333327,2.0106176,1.3,14,3.1415900000000008,125,4/5
1.2083038461538462,-107,5.0,0.45882352941176485,2.0943933333333327,2.0106176,1.3,14,3.1415900000000008,125,4/5
1.2083038461538462,-116,-2.0,0.6705882352941179,2.0943933333333327,2.0106176,1.3,14,3.1415900000000008,125,4/5
1.2083038461538462,-114,1.0,0.6235294117647063,2.0943933333333327,2.0106176,1.3,14,3.1415900000000008,125,4/5
1.2083038461538462,-114,2.0,0.6235294117647063,2.0943933333333327,2.0106176,1.3,14,3.1415900000000008,125,4/5
1.2083038461538462,-113,2.0,0.6000000000000001,2.0943933333333327,2.0106176,1.3,14,3.1415900000000008,125,4/5
1.2888574358974358,-113,3.0,0.6000000000000001,2.0943933333333327,2.0106176,1.3,14,3.1415900000000008,125,4/5
1.2888574358974358,-112,3.0,0.5764705882352943,2.0943933333333327,2.0106176,1.3,14,3.1415900000000008,125,4/5
1.2888574358974358,-111,4.0,0.5529411764705885,2.0943933333333327,2.0106176,1.3,14,3.1415900000000008,125,4/5
1.2888574358974358,-111,4.0,0.5529411764705885,2.0943933333333327,2.0106176,1.3,14,3.1415900000000008,125,4/5
1.2888574358974358,-123,-5.0,0.835294117647059,2.0943933333333327,2.0106176,1.3,14,3.1415900000000008,125,4/5
1.3694110256410257,-123,-5.0,0.835294117647059,2.0943933333333327,2.0106176,1.3,14,3.1415900000000008,125,4/5
1.3694110256410257,-126,-7.0,0.9058823529411768,2.0943933333333327,2.0106176,1.3,14,3.1415900000000008,125,4/5
1.3694110256410257,-118,-1.0,0.7176470588235295,2.0943933333333327,2.0106176,1.3,14,3.1415900000000008,125,4/5
1.3694110256410257,-113,3.0,0.6000000000000001,2.0943933333333327,2.0106176,1.3,14,3.1415900000000008,125,4/5
1.3694110256410257,-118,-1.0,0.7176470588235295,2.0943933333333327,2.0106176,1.3,14,3.1415900000000008,125,4/5
1.4499646153846153,-118,-1.0,0.7176470588235295,2.0943933333333327,2.0106176,1.3,14,3.1415900000000008,125,4/5
1.4499646153846153,-116,-0.0,0.6705882352941179,2.0943933333333327,2.0106176,1.3,14,3.1415900000000008,125,4/5
1.4499646153846153,-114,2.0,0.6235294117647063,2.0943933333333327,2.0106176,1.3,14,3.1415900000000008,125,4/5
1.4499646153846153,-113,3.0,0.6000000000000001,2.0943933333333327,2.0106176,1.3,14,3.1415900000000008,125,4/5
1.4499646153846153,-119,-2.0,0.7411764705882353,2.0943933333333327,2.0106176,1.3,14,3.1415900000000008,125,4/5
1.5305182051282051,-118,-1.0,0.7176470588235295,2.0943933333333327,2.0106176,1.3,14,3.1415900000000008,125,4/5
1.5305182051282051,-124,-6.0,0.8588235294117648,2.0943933333333327,2.0106176,1.3,14,3.1415900000000008,125,4/5
1.5305182051282051,-123,-5.0,0.835294117647059,2.0943933333333327,2.0106176,1.3,14,3.1415900000000008,125,4/5
1.5305182051282051,-122,-4.0,0.8117647058823532,2.0943933333333327,2.0106176,1.3,14,3.1415900000000008,125,4/5
1.5305182051282051,-121,-3.0,0.7882352941176474,2.0943933333333327,2.0106176,1.3,14,3.1415900000000008,125,4/5
1.6110717948717947,-119,-2.0,0.7411764705882353,2.0943933333333327,2.0106176,1.3,14,3.1415900000000008,125,4/5
1.6110717948717947,-122,-4.0,0.8117647058823532,2.0943933333333327,2.0106176,1.3,14,3.1415900000000008,125,4/5
1.6110717948717947,-122,-4.0,0.8117647058823532,2.0943933333333327,2.0106176,1.3,14,3.1415900000000008,125,4/5
1.6110717948717947,-122,-4.0,0.8117647058823532,2.0943933333333327,2.0106176,1.3,14,3.1415900000000008,125,4/5
1.6110717948717947,-120,-3.0,0.7647058823529416,2.0943933333333327,2.0106176,1.3,14,3.1415900000000008,125,4/5
1.6916253846153846,-119,-3.0,0.7411764705882353,2.0943933333333327,2.0106176,1.3,14,3.1415900000000008,125,4/5
1.6916253846153846,-118,-1.0,0.7176470588235295,2.0943933333333327,2.0106176,1.3,14,3.1415900000000008,125,4/5
1.6916253846153846,-117,-0.0,0.6941176470588237,2.0943933333333327,2.0106176,1.3,14,3.1415900000000008,125,4/5
1.6916253846153846,-117,-0.0,0.6941176470588237,2.0943933333333327,2.0106176,1.3,14,3.1415900000000008,125,4/5
1.6916253846153846,-118,-1.0,0.7176470588235295,2.0943933333333327,2.0106176,1.3,14,3.1415900000000008,125,4/5
1.7721789743589744,-116,0.0,0.6705882352941179,2.0943933333333327,2.0106176,1.3,14,3.1415900000000008,125,4/5
1.7721789743589744,-117,-1.0,0.6941176470588237,2.0943933333333327,2.0106176,1.3,14,3.1415900000000008,125,4/5
1.7721789743589744,-120,-3.0,0.7647058823529416,2.0943933333333327,2.0106176,1.3,14,3.1415900000000008,125,4/5
1.7721789743589744,-123,-5.0,0.835294117647059,2.0943933333333327,2.0106176,1.3,14,3.1415900000000008,125,4/5
1.7721789743589744,-118,-1.0,0.7176470588235295,2.0943933333333327,2.0106176,1.3,14,3.1415900000000008,125,4/5
1.7721789743589744,-116,-0.0,0.6705882352941179,2.0943933333333327,2.0106176,1.3,14,3.1415900000000008,125,4/5
1.852732564102564,-110,5.0,0.5294117647058827,2.0943933333333327,2.0106176,1.3,14,3.1415900000000008,125,4/5
1.852732564102564,-112,4.0,0.5764705882352943,2.0943933333333327,2.0106176,1.3,14,3.1415900000000008,125,4/5
1.852732564102564,-111,4.0,0.5529411764705885,2.0943933333333327,2.0106176,1.3,14,3.1415900000000008,125,4/5
1.852732564102564,-112,2.0,0.5764705882352943,2.0943933333333327,2.0106176,1.3,14,3.1415900000000008,125,4/5
1.852732564102564,-111,4.0,0.5529411764705885,2.0943933333333327,2.0106176,1.3,14,3.1415900000000008,125,4/5
1.9332861538461539,-113,3.0,0.6000000000000001,1.7802343333333361,2.136281199999999,1.3,14,3.1415900000000008,125,4/5
1.9332861538461539,-113,2.0,0.6000000000000001,1.7802343333333361,2.136281199999999,1.3,14,3.1415900000000008,125,4/5
1.9332861538461539,-115,1.0,0.6470588235294121,1.7802343333333361,2.136281199999999,1.3,14,3.1415900000000008,125,4/5
1.9332861538461539,-114,1.0,0.6235294117647063,1.7802343333333361,2.136281199999999,1.3,14,3.1415900000000008,125,4/5
1.9332861538461539,-114,1.0,0.6235294117647063,1.7802343333333361,2.136281199999999,1.3,14,3.1415900000000008,125,4/5
2.0138397435897435,-113,3.0,0.6000000000000001,1.7802343333333361,2.136281199999999,1.3,14,3.1415900000000008,125,4/5
2.0138397435897435,-113,3.0,0.6000000000000001,1.7802343333333361,2.136281199999999,1.3,14,3.1415900000000008,125,4/5
2.0138397435897435,-114,3.0,0.6235294117647063,1.7802343333333361,2.136281199999999,1.3,14,3.1415900000000008,125,4/5
2.0138397435897435,-113,3.0,0.6000000000000001,1.7802343333333361,2.136281199999999,1.3,14,3.1415900000000008,125,4/5
2.0138397435897435,-114,2.0,0.6235294117647063,1.7802343333333361,2.136281199999999,1.3,14,3.1415900000000008,125,4/5
2.094393333333333,-113,3.0,0.6000000000000001,1.7802343333333361,2.136281199999999,1.3,14,3.1415900000000008,125,4/5
2.094393333333333,-114,2.0,0.6235294117647063,1.7802343333333361,2.136281199999999,1.3,14,3.1415900000000008,125,4/5
2.094393333333333,-115,1.0,0.6470588235294121,1.7802343333333361,2.136281199999999,1.3,14,3.1415900000000008,125,4/5
2.094393333333333,-113,1.0,0.6000000000000001,1.7802343333333361,2.136281199999999,1.3,14,3.1415900000000008,125,4/5
2.094393333333333,-113,1.0,0.6000000000000001,1.7802343333333361,2.136281199999999,1.3,14,3.1415900000000008,125,4/5
2.174946923076923,-115,-0.0,0.6470588235294121,1.7802343333333361,2.136281199999999,1.3,14,3.1415900000000008,125,4/5
2.174946923076923,-114,0.0,0.6235294117647063,1.7802343333333361,2.136281199999999,1.3,14,3.1415900000000008,125,4/5
2.174946923076923,-119,-2.0,0.7411764705882353,1.7802343333333361,2.136281199999999,1.3,14,3.1415900000000008,125,4/5
2.174946923076923,-119,-2.0,0.7411764705882353,1.7802343333333361,2.136281199999999,1.3,14,3.1415900000000008,125,4/5
2.174946923076923,-121,-3.0,0.7882352941176474,1.7802343333333361,2.136281199999999,1.3,14,3.1415900000000008,125,4/5
2.255500512820513,-114,1.0,0.6235294117647063,1.7802343333333361,2.136281199999999,1.3,14,3.1415900000000008,125,4/5
2.255500512820513,-115,0.0,0.6470588235294121,1.7802343333333361,2.136281199999999,1.3,14,3.1415900000000008,125,4/5
2.255500512820513,-114,-1.0,0.6235294117647063,1.7802343333333361,2.136281199999999,1.3,14,3.1415900000000008,125,4/5
2.255500512820513,-115,1.0,0.6470588235294121,1.7802343333333361,2.136281199999999,1.3,14,3.1415900000000008,125,4/5
2.255500512820513,-114,1.0,0.6235294117647063,1.7802343333333361,2.136281199999999,1.3,14,3.1415900000000008,125,4/5
2.3360541025641024,-120,-5.0,0.7647058823529416,1.7802343333333361,2.136281199999999,1.3,14,3.1415900000000008,125,4/5
2.3360541025641024,-125,-6.0,0.882352941176471,1.7802343333333361,2.136281199999999,1.3,14,3.1415900000000008,125,4/5
2.3360541025641024,-124,-7.0,0.8588235294117648,1.7802343333333361,2.136281199999999,1.3,14,3.1415900000000008,125,4/5
2.3360541025641024,-121,-4.0,0.7882352941176474,1.7802343333333361,2.136281199999999,1.3,14,3.1415900000000008,125,4/5
2.3360541025641024,-120,-2.0,0.7647058823529416,1.7802343333333361,2.136281199999999,1.3,14,3.1415900000000008,125,4/5
2.4166076923076925,-120,-5.0,0.7647058823529416,1.7802343333333361,2.136281199999999,1.3,14,3.1415900000000008,125,4/5
2.4166076923076925,-125,-6.0,0.882352941176471,1.7802343333333361,2.136281199999999,1.3,14,3.1415900000000008,125,4/5
2.4166076923076925,-124,-7.0,0.8588235294117648,1.7802343333333361,2.136281199999999,1.3,14,3.1415900000000008,125,4/5
2.4166076923076925,-121,-4.0,0.7882352941176474,1.7802343333333361,2.136281199999999,1.3,14,3.1415900000000008,125,4/5
2.4166076923076925,-120,-2.0,0.7647058823529416,1.7802343333333361,2.136281199999999,1.3,14,3.1415900000000008,125,4/5
2.497161282051282,-121,-3.0,0.7882352941176474,1.7802343333333361,2.136281199999999,1.3,14,3.1415900000000008,125,4/5
2.497161282051282,-119,-2.0,0.7411764705882353,1.7802343333333361,2.136281199999999,1.3,14,3.1415900000000008,125,4/5
2.497161282051282,-124,-6.0,0.8588235294117648,1.7802343333333361,2.136281199999999,1.3,14,3.1415900000000008,125,4/5
2.497161282051282,-120,-3.0,0.7647058823529416,1.7802343333333361,2.136281199999999,1.3,14,3.1415900000000008,125,4/5
2.497161282051282,-121,-4.0,0.7882352941176474,1.7802343333333361,2.136281199999999,1.3,14,3.1415900000000008,125,4/5
2.5777148717948717,-118,-1.0,0.7176470588235295,1.7802343333333361,2.136281199999999,1.3,14,3.1415900000000008,125,4/5
2.5777148717948717,-121,-4.0,0.7882352941176474,1.7802343333333361,2.136281199999999,1.3,14,3.1415900000000008,125,4/5
2.5777148717948717,-116,-0.0,0.6705882352941179,1.7802343333333361,2.136281199999999,1.3,14,3.1415900000000008,125,4/5
2.5777148717948717,-130,-11.0,1.0,1.7802343333333361,2.136281199999999,1.3,14,3.1415900000000008,125,4/5
2.5777148717948717,-124,-5.0,0.8588235294117648,1.7802343333333361,2.136281199999999,1.3,14,3.1415900000000008,125,4/5
2.5777148717948717,-126,-7.0,0.9058823529411768,1.7802343333333361,2.136281199999999,1.3,14,3.1415900000000008,125,4/5
2.6582684615384613,-121,-3.0,0.7882352941176474,1.7802343333333361,2.136281199999999,1.3,14,3.1415900000000008,125,4/5
2.6582684615384613,-124,-6.0,0.8588235294117648,1.7802343333333361,2.136281199999999,1.3,14,3.1415900000000008,125,4/5
2.6582684615384613,-124,-6.0,0.8588235294117648,1.7802343333333361,2.136281199999999,1.3,14,3.1415900000000008,125,4/5
2.6582684615384613,-118,-1.0,0.7176470588235295,1.7802343333333361,2.136281199999999,1.3,14,3.1415900000000008,125,4/5
2.6582684615384613,-119,-2.0,0.7411764705882353,1.7802343333333361,2.136281199999999,1.3,14,3.1415900000000008,125,4/5
2.7388220512820514,-121,-3.0,0.7882352941176474,1.7802343333333361,2.136281199999999,1.3,14,3.1415900000000008,125,4/5
2.7388220512820514,-116,-0.0,0.6705882352941179,1.7802343333333361,2.136281199999999,1.3,14,3.1415900000000008,125,4/5
2.7388220512820514,-121,-3.0,0.7882352941176474,1.7802343333333361,2.136281199999999,1.3,14,3.1415900000000008,125,4/5
2.7388220512820514,-124,-6.0,0.8588235294117648,1.7802343333333361,2.136281199999999,1.3,14,3.1415900000000008,125,4/5
2.7388220512820514,-123,-8.0,0.835294117647059,1.7802343333333361,2.136281199999999,1.3,14,3.1415900000000008,125,4/5
2.819375641025641,-119,-2.0,0.7411764705882353,1.7802343333333361,2.136281199999999,1.3,14,3.1415900000000008,125,4/5
2.819375641025641,-120,-2.0,0.7647058823529416,1.7802343333333361,2.136281199999999,1.3,14,3.1415900000000008,125,4/5
2.819375641025641,-120,-2.0,0.7647058823529416,1.7802343333333361,2.136281199999999,1.3,14,3.1415900000000008,125,4/5
2.819375641025641,-121,-3.0,0.7882352941176474,1.7802343333333361,2.136281199999999,1.3,14,3.1415900000000008,125,4/5
2.819375641025641,-121,-3.0,0.7882352941176474,1.7802343333333361,2.136281199999999,1.3,14,3.1415900000000008,125,4/5
2.8999292307692306,-121,-3.0,0.7882352941176474,1.7802343333333361,2.136281199999999,1.3,14,3.1415900000000008,125,4/5
2.8999292307692306,-119,-2.0,0.7411764705882353,1.7802343333333361,2.136281199999999,1.3,14,3.1415900000000008,125,4/5
2.8999292307692306,-121,-3.0,0.7882352941176474,1.7802343333333361,2.136281199999999,1.3,14,3.1415900000000008,125,4/5
2.8999292307692306,-121,-3.0,0.7882352941176474,1.7802343333333361,2.136281199999999,1.3,14,3.1415900000000008,125,4/5
2.8999292307692306,-119,-2.0,0.7411764705882353,1.7802343333333361,2.136281199999999,1.3,14,3.1415900000000008,125,4/5
2.9804828205128207,-122,-5.0,0.8117647058823532,1.7802343333333361,2.136281199999999,1.3,14,3.1415900000000008,125,4/5
2.9804828205128207,-127,-8.0,0.9294117647058826,1.7802343333333361,2.136281199999999,1.3,14,3.1415900000000008,125,4/5
2.9804828205128207,-129,-10.0,0.9764705882352942,1.7802343333333361,2.136281199999999,1.3,14,3.1415900000000008,125,4/5
2.9804828205128207,-128,-9.0,0.9529411764705884,1.7802343333333361,2.136281199999999,1.3,14,3.1415900000000008,125,4/5
2.9804828205128207,-125,-7.0,0.882352941176471,1.7802343333333361,2.136281199999999,1.3,14,3.1415900000000008,125,4/5
3.0610364102564103,-128,-9.0,0.9529411764705884,1.7802343333333361,2.136281199999999,1.3,14,3.1415900000000008,125,4/5
3.0610364102564103,-128,-9.0,0.9529411764705884,1.7802343333333361,2.136281199999999,1.3,14,3.1415900000000008,125,4/5
3.0610364102564103,-128,-9.0,0.9529411764705884,1.7802343333333361,2.136281199999999,1.3,14,3.1415900000000008,125,4/5
3.0610364102564103,-128,-9.0,0.9529411764705884,1.7802343333333361,2.136281199999999,1.3,14,3.1415900000000008,125,4/5
3.0610364102564103,-126,-8.0,0.9058823529411768,1.7802343333333361,2.136281199999999,1.3,14,3.1415900000000008,125,4/5
3.14159,-128,-9.0,0.9529411764705884,1.7802343333333361,2.136281199999999,1.3,14,3.1415900000000008,125,4/5
3.14159,-128,-10.0,0.9529411764705884,1.7802343333333361,2.136281199999999,1.3,14,3.1415900000000008,125,4/5
3.14159,-128,-9.0,0.9529411764705884,1.7802343333333361,2.136281199999999,1.3,14,3.1415900000000008,125,4/5
3.14159,-127,-10.0,0.9294117647058826,1.7802343333333361,2.136281199999999,1.3,14,3.1415900000000008,125,4/5
3.14159,-125,-8.0,0.882352941176471,1.7802343333333361,2.136281199999999,1.3,14,3.1415900000000008,125,4/5
